index,url,urls_visited,token1,count1,token2,count2,token3,count3,token4,count4,token5,count5,token6,count6,token7,count7,token8,count8,token9,count9,token10,count10,token11,count11,token12,count12,token13,count13,token14,count14,token15,count15,token16,count16,token17,count17,token18,count18,token19,count19,token20,count20,token21,count21,token22,count22,token23,count23,token24,count24,token25,count25,token26,count26,token27,count27,token28,count28,token29,count29,token30,count30,token31,count31,token32,count32,token33,count33,token34,count34,token35,count35,token36,count36,token37,count37,token38,count38,token39,count39,token40,count40,token41,count41,token42,count42,token43,count43,token44,count44,token45,count45,token46,count46,token47,count47,token48,count48,token49,count49,token50,count50,token51,count51,token52,count52,token53,count53,token54,count54,token55,count55,token56,count56,token57,count57,token58,count58,token59,count59,token60,count60,token61,count61,token62,count62,token63,count63,token64,count64,token65,count65,token66,count66,token67,count67,token68,count68,token69,count69,token70,count70,token71,count71,token72,count72,token73,count73,token74,count74,token75,count75,token76,count76,token77,count77,token78,count78,token79,count79,token80,count80,token81,count81,token82,count82,token83,count83,token84,count84,token85,count85,token86,count86,token87,count87,token88,count88,token89,count89,token90,count90,token91,count91,token92,count92,token93,count93,token94,count94,token95,count95,token96,count96,token97,count97,token98,count98,token99,count99,token100,count100,token101,count101,token102,count102,token103,count103,token104,count104,token105,count105,token106,count106,token107,count107,token108,count108,token109,count109,token110,count110,token111,count111,token112,count112,token113,count113,token114,count114,token115,count115,token116,count116,token117,count117,token118,count118,token119,count119,token120,count120,token121,count121,token122,count122,token123,count123,token124,count124,token125,count125,token126,count126,token127,count127,token128,count128,token129,count129,token130,count130,token131,count131,token132,count132,token133,count133,token134,count134,token135,count135,token136,count136,token137,count137,token138,count138,token139,count139,token140,count140,token141,count141,token142,count142,token143,count143,token144,count144,token145,count145,token146,count146,token147,count147,token148,count148,token149,count149,token150,count150,token151,count151,token152,count152,token153,count153,token154,count154,token155,count155,token156,count156,token157,count157,token158,count158,token159,count159,token160,count160,token161,count161,token162,count162,token163,count163,token164,count164,token165,count165,token166,count166,token167,count167,token168,count168,token169,count169,token170,count170,token171,count171,token172,count172,token173,count173,token174,count174,token175,count175,token176,count176,token177,count177,token178,count178,token179,count179,token180,count180,token181,count181,token182,count182,token183,count183,token184,count184,token185,count185,token186,count186,token187,count187,token188,count188,token189,count189,token190,count190,token191,count191,token192,count192,token193,count193,token194,count194,token195,count195,token196,count196,token197,count197,token198,count198,token199,count199,token200,count200
count1,https://www.plannedparenthood.org/health-center/pennsylvania/reading/19602/reading-medical-center-2725-91410,14,'planned', 260.0,'parenthood', 258.0,'your', 138.0,'var', 126.0,'you', 111.0,'label', 102.0,'solid', 96.0,'health', 87.0,'this', 79.0,'---', 73.0,'else', 73.0,'our', 67.0,'instanceof', 65.0,'years', 62.0,'get', 55.0,'main', 53.0,'choose', 51.0,'new', 47.0,'abortion', 43.0,'care', 41.0,'ago', 41.0,'seconds', 41.0,'can', 41.0,'about', 40.0,'video', 38.0,'services', 36.0,'search', 34.0,'return', 33.0,'have', 32.0,'control', 32.0,'more', 31.0,'birth', 31.0,'border-color', 30.0,'default', 29.0,'function', 28.0,'center', 28.0,'email', 27.0,'please', 26.0,'background-color', 25.0,'background', 25.0,'let', 25.0,'find', 25.0,'contact', 24.0,'error', 24.0,'all', 23.0,'loading', 23.0,'opacity', 22.0,'when', 21.0,'research', 21.0,'action', 21.0,'donate', 21.0,'form', 21.0,'toggle', 20.0,'gift', 20.0,'color', 20.0,'how', 20.0,'information', 20.0,'access', 20.0,'out', 20.0,'sexual', 19.0,'sex', 19.0,'screen', 18.0,'year', 18.0,'insurance', 18.0,'field', 18.0,'navigation', 18.0,'policy', 17.0,'does', 17.0,'follow', 17.0,'donor', 16.0,'involved', 16.0,'learn', 16.0,'other', 16.0,'off', 15.0,'infinite', 15.0,'code', 15.0,'ease', 15.0,'data', 15.0,'bans', 15.0,'only', 15.0,'add', 15.0,'set', 15.0,'appointment', 15.0,'senior', 14.0,'vice', 14.0,'mail', 14.0,'any', 14.0,'what', 14.0,'state', 14.0,'first', 14.0,'used', 14.0,'call', 14.0,'lever-fadein', 14.0,'value', 13.0,'not', 13.0,'take', 13.0,'development', 13.0,'share', 13.0,'user', 13.0,'reproductive', 13.0,'online', 13.0,'path', 13.0,'after', 12.0,'federation', 12.0,'mypostrender', 12.0,'kutztown', 12.0,'blog', 12.0,'affiliate', 12.0,'select', 12.0,'advocacy', 12.0,'available', 12.0,'name', 12.0,'great', 12.0,'bodies', 12.0,'use', 12.0,'north', 12.0,'chief', 12.0,'under', 12.0,'help', 12.0,'membership', 11.0,'through', 11.0,'cart', 11.0,'want', 11.0,'privacy', 11.0,'know', 11.0,'officer', 11.0,'office', 11.0,'make', 11.0,'const', 11.0,'open', 11.0,'general', 11.0,'custom', 10.0,'method', 10.0,'hide', 10.0,'tax-deductible', 10.0,'participate', 10.0,'products', 10.0,'box-shadow', 10.0,'now', 10.0,'normal', 10.0,'resharper', 10.0,'checkbox', 10.0,'change', 10.0,'show', 10.0,'check', 9.0,'selected', 9.0,'fade-in', 9.0,'fade-out', 9.0,'see', 9.0,'button', 9.0,'toastfadein', 9.0,'display', 9.0,'digital', 9.0,'may', 9.0,'pregnancy', 9.0,'attacks', 9.0,'rights', 9.0,'provide', 9.0,'lever-fadeout', 9.0,'right', 9.0,'questions', 9.0,'lever-slideup', 9.0,'lever-slidedown', 9.0,'rotate-infinite', 9.0,'provider', 9.0,'card', 9.0,'give', 9.0,'forms', 9.0,'sign', 9.0,'one', 9.0,'months', 9.0,'shimmer', 9.0,'need', 9.0,'img', 9.0,'volunteer', 9.0,'none', 9.0,'left', 9.0,'question', 8.0,'central', 8.0,'read', 8.0,'page', 8.0,'store', 8.0,'local', 8.0,'target', 8.0,'just', 8.0,'federal', 8.0,'circle', 8.0,'states', 8.0,'ppfa', 8.0,'down', 8.0,'fill', 8.0,'terms', 8.0,'span', 8.0,'people', 8.0,'fullest', 8.0,'campaigns', 8.0,'also', 8.0,'zip', 8.0,'extent', 8.0,'day', 8.0
count2,https://www.plannedparenthood.org/health-center/pennsylvania/lancaster/17603/lancaster-medical-center-2687-91410,13,'planned', 259.0,'parenthood', 257.0,'your', 132.0,'var', 126.0,'label', 102.0,'you', 97.0,'solid', 96.0,'this', 75.0,'health', 74.0,'---', 73.0,'else', 73.0,'instanceof', 65.0,'our', 62.0,'years', 61.0,'get', 54.0,'main', 53.0,'choose', 51.0,'new', 47.0,'abortion', 42.0,'ago', 41.0,'seconds', 41.0,'care', 40.0,'about', 39.0,'video', 38.0,'can', 36.0,'search', 34.0,'return', 33.0,'services', 32.0,'border-color', 30.0,'default', 29.0,'have', 29.0,'function', 28.0,'control', 28.0,'more', 27.0,'email', 27.0,'birth', 25.0,'find', 25.0,'background', 25.0,'please', 25.0,'background-color', 25.0,'let', 25.0,'error', 24.0,'contact', 24.0,'all', 23.0,'loading', 23.0,'opacity', 22.0,'action', 21.0,'donate', 21.0,'research', 21.0,'form', 20.0,'access', 20.0,'how', 20.0,'when', 20.0,'color', 20.0,'gift', 20.0,'toggle', 20.0,'out', 19.0,'sexual', 19.0,'year', 18.0,'information', 18.0,'center', 18.0,'field', 18.0,'navigation', 18.0,'does', 18.0,'screen', 18.0,'sex', 17.0,'policy', 17.0,'follow', 17.0,'insurance', 16.0,'donor', 16.0,'involved', 16.0,'learn', 16.0,'ease', 15.0,'code', 15.0,'data', 15.0,'bans', 15.0,'add', 15.0,'off', 15.0,'infinite', 15.0,'vice', 14.0,'what', 14.0,'other', 14.0,'first', 14.0,'used', 14.0,'set', 14.0,'lever-fadein', 14.0,'state', 14.0,'senior', 14.0,'only', 14.0,'development', 13.0,'manor', 13.0,'not', 13.0,'online', 13.0,'path', 13.0,'any', 13.0,'reproductive', 13.0,'mail', 13.0,'use', 13.0,'value', 13.0,'north', 12.0,'user', 12.0,'name', 12.0,'mypostrender', 12.0,'take', 12.0,'affiliate', 12.0,'bodies', 12.0,'blog', 12.0,'under', 12.0,'advocacy', 12.0,'federation', 12.0,'share', 12.0,'great', 12.0,'chief', 12.0,'select', 12.0,'privacy', 11.0,'know', 11.0,'open', 11.0,'const', 11.0,'through', 11.0,'general', 11.0,'officer', 11.0,'membership', 11.0,'cart', 11.0,'office', 11.0,'help', 11.0,'want', 11.0,'resharper', 10.0,'box-shadow', 10.0,'make', 10.0,'show', 10.0,'custom', 10.0,'now', 10.0,'hide', 10.0,'participate', 10.0,'tax-deductible', 10.0,'change', 10.0,'after', 10.0,'products', 10.0,'checkbox', 10.0,'method', 10.0,'right', 9.0,'lever-slideup', 9.0,'selected', 9.0,'google', 9.0,'normal', 9.0,'attacks', 9.0,'none', 9.0,'rights', 9.0,'display', 9.0,'rotate-infinite', 9.0,'lever-slidedown', 9.0,'appointment', 9.0,'available', 9.0,'lever-fadeout', 9.0,'give', 9.0,'fade-in', 9.0,'months', 9.0,'call', 9.0,'toastfadein', 9.0,'forms', 9.0,'button', 9.0,'digital', 9.0,'card', 9.0,'img', 9.0,'volunteer', 9.0,'check', 9.0,'sign', 9.0,'left', 9.0,'provider', 9.0,'shimmer', 9.0,'fade-out', 9.0,'questions', 8.0,'federal', 8.0,'provide', 8.0,'question', 8.0,'always', 8.0,'protect', 8.0,'need', 8.0,'extent', 8.0,'fullest', 8.0,'page', 8.0,'local', 8.0,'top', 8.0,'target', 8.0,'terms', 8.0,'circle', 8.0,'store', 8.0,'just', 8.0,'people', 8.0,'campaigns', 8.0,'states', 8.0,'span', 8.0,'down', 8.0,'datalayer', 8.0,'one', 8.0,'day', 8.0,'shop', 8.0,'central', 8.0,'ppfa', 8.0,'see', 8.0
count3,http://www.alleghenyreproductive.com/,25,'abortion', 738.0,'services', 393.0,'health', 333.0,'reproductive', 291.0,'you', 247.0,'var', 223.0,'surgical', 195.0,'allegheny', 157.0,'pittsburgh', 146.0,'center', 142.0,'gender', 142.0,'your', 141.0,'gynecology', 139.0,'auto', 134.0,'trimester', 130.0,'appointment', 115.0,'clinic', 112.0,'about', 105.0,'our', 100.0,'faq', 95.0,'contraception', 95.0,'payment', 92.0,'forms', 91.0,'process', 91.0,'employment', 88.0,'opportunities', 88.0,'pill', 85.0,'care', 80.0,'request', 78.0,'first', 74.0,'only', 73.0,'screen', 70.0,'cost', 69.0,'second', 68.0,'contact', 68.0,'can', 67.0,'google', 67.0,'none', 66.0,'medication', 65.0,'not', 65.0,'including', 61.0,'new', 60.0,'this', 58.0,'patient', 53.0,'have', 53.0,'solid', 52.0,'home', 51.0,'make', 49.0,'all', 48.0,'yelp', 48.0,'other', 47.0,'costs', 46.0,'instagram', 46.0,'resources', 46.0,'how', 45.0,'disease', 45.0,'twitter', 44.0,'std', 44.0,'triggerpositiony', 44.0,'triggeroffsetx', 44.0,'triggerradius', 44.0,'triggersize', 44.0,'sexually', 44.0,'facebook', 44.0,'triggerpositionx', 44.0,'info', 44.0,'sitemap', 44.0,'triggeroffsety', 44.0,'transmitted', 44.0,'who', 44.0,'kirkwood', 43.0,'need', 43.0,'they', 40.0,'arhc', 39.0,'call', 39.0,'may', 39.0,'provide', 36.0,'womenâs', 36.0,'weeks', 33.0,'pennsylvania', 32.0,'email', 32.0,'well', 32.0,'pap', 31.0,'medical', 31.0,'patients', 31.0,'bethel', 30.0,'wheeling', 30.0,'west', 30.0,'providing', 28.0,'does', 28.0,'please', 28.0,'people', 28.0,'gynecological', 27.0,'state', 27.0,'department', 26.0,'hold', 26.0,'after', 26.0,'mobile', 26.0,'options', 25.0,'doctor', 25.0,'position', 25.0,'licensed', 25.0,'choice', 25.0,'throughout', 25.0,'now', 25.0,'those', 25.0,'did', 24.0,'also', 24.0,'located', 23.0,'obstetric', 23.0,'physicians', 23.0,'much', 23.0,'board', 23.0,'national', 23.0,'procedure', 23.0,'what', 23.0,'leadcolor', 22.0,'footerhtml', 22.0,'language', 22.0,'help', 22.0,'licenses', 22.0,'accredited', 22.0,'unrestricted', 22.0,'partners', 22.0,'content', 22.0,'certified', 22.0,"""'ltr'""", 22.0,'hidemobile', 22.0,'network', 22.0,'skip', 22.0,'seo', 22.0,'serves', 22.0,'label', 22.0,'such', 22.0,'hidetrigger', 22.0,'donation', 22.0,'inline', 22.0,'disablebgprocess', 22.0,'triggercolor', 22.0,'triggericon', 22.0,'elementorfrontendconfig', 22.0,'button', 22.0,'website', 22.0,'directionsrate', 22.0,'been', 22.0,'surrounding', 22.0,'statementlink', 22.0,'links', 22.0,'should', 22.0,'region', 22.0,'federation', 22.0,"""'text""", 22.0,'offer', 21.0,'but', 21.0,'more', 20.0,'visit', 20.0,'their', 19.0,'office', 18.0,'sedation', 18.0,'fertility', 17.0,'during', 17.0,'pregnancy', 17.0,'staff', 17.0,'get', 17.0,'many', 16.0,'like', 16.0,'here', 16.0,'prior', 16.0,'username', 15.0,'password', 15.0,'cervix', 15.0,'day', 15.0,'there', 15.0,'another', 15.0,'receive', 15.0,'choose', 15.0,'minutes', 15.0,'before', 15.0,'near', 14.0,'want', 14.0,'full', 14.0,'birth', 14.0,'time', 14.0,'gynecologic', 13.0,'provides', 13.0,'address', 13.0,'schedule', 13.0,'abnormal', 12.0,'than', 12.0,'any', 12.0,'over', 12.0,'then', 12.0,'least', 12.0,'between', 11.0,'hours', 11.0,'less', 11.0,'procedures', 11.0,'service', 11.0,'when', 11.0,'required', 11.0
count4,https://www.plannedparenthood.org/health-center/pennsylvania/harrisburg/17102/harrisburg-medical-center-3357-91410,13,'planned', 256.0,'parenthood', 254.0,'your', 135.0,'var', 126.0,'you', 110.0,'label', 102.0,'solid', 96.0,'health', 78.0,'this', 76.0,'---', 73.0,'else', 73.0,'instanceof', 65.0,'our', 64.0,'years', 61.0,'get', 54.0,'main', 53.0,'choose', 51.0,'new', 47.0,'abortion', 43.0,'can', 41.0,'care', 41.0,'seconds', 41.0,'ago', 41.0,'about', 40.0,'video', 38.0,'services', 36.0,'search', 34.0,'return', 33.0,'have', 31.0,'control', 30.0,'border-color', 30.0,'more', 29.0,'default', 29.0,'function', 28.0,'birth', 28.0,'email', 27.0,'please', 26.0,'let', 25.0,'find', 25.0,'background-color', 25.0,'background', 25.0,'contact', 24.0,'error', 24.0,'center', 23.0,'loading', 23.0,'all', 23.0,'opacity', 22.0,'access', 22.0,'research', 21.0,'when', 21.0,'action', 21.0,'donate', 21.0,'information', 21.0,'gift', 20.0,'color', 20.0,'toggle', 20.0,'form', 20.0,'how', 20.0,'sexual', 19.0,'out', 19.0,'field', 18.0,'navigation', 18.0,'appointment', 18.0,'year', 18.0,'insurance', 18.0,'screen', 18.0,'sex', 17.0,'does', 17.0,'policy', 17.0,'follow', 17.0,'learn', 16.0,'involved', 16.0,'north', 16.0,'any', 16.0,'donor', 16.0,'ease', 15.0,'data', 15.0,'off', 15.0,'infinite', 15.0,'bans', 15.0,'add', 15.0,'other', 15.0,'set', 15.0,'first', 15.0,'only', 15.0,'code', 15.0,'vice', 14.0,'senior', 14.0,'state', 14.0,'what', 14.0,'make', 14.0,'call', 14.0,'used', 14.0,'lever-fadein', 14.0,'development', 13.0,'path', 13.0,'online', 13.0,'value', 13.0,'available', 13.0,'reproductive', 13.0,'mail', 13.0,'great', 12.0,'select', 12.0,'advocacy', 12.0,'not', 12.0,'help', 12.0,'use', 12.0,'affiliate', 12.0,'user', 12.0,'under', 12.0,'share', 12.0,'take', 12.0,'blog', 12.0,'federation', 12.0,'bodies', 12.0,'mypostrender', 12.0,'name', 12.0,'open', 12.0,'chief', 12.0,'normal', 11.0,'after', 11.0,'general', 11.0,'privacy', 11.0,'want', 11.0,'membership', 11.0,'cart', 11.0,'const', 11.0,'see', 11.0,'through', 11.0,'know', 11.0,'office', 11.0,'officer', 11.0,'custom', 10.0,'tax-deductible', 10.0,'change', 10.0,'show', 10.0,'box-shadow', 10.0,'products', 10.0,'resharper', 10.0,'method', 10.0,'give', 10.0,'participate', 10.0,'checkbox', 10.0,'hide', 10.0,'now', 10.0,'volunteer', 9.0,'forms', 9.0,'display', 9.0,'need', 9.0,'day', 9.0,'rights', 9.0,'right', 9.0,'img', 9.0,'button', 9.0,'toastfadein', 9.0,'card', 9.0,'rotate-infinite', 9.0,'selected', 9.0,'fade-in', 9.0,'none', 9.0,'questions', 9.0,'pregnancy', 9.0,'provider', 9.0,'lever-slideup', 9.0,'sign', 9.0,'months', 9.0,'fade-out', 9.0,'digital', 9.0,'check', 9.0,'attacks', 9.0,'lever-slidedown', 9.0,'lever-fadeout', 9.0,'shimmer', 9.0,'hours', 9.0,'left', 9.0,'local', 8.0,'ppfa', 8.0,'protect', 8.0,'people', 8.0,'span', 8.0,'states', 8.0,'closed', 8.0,'just', 8.0,'target', 8.0,'google', 8.0,'terms', 8.0,'campaigns', 8.0,'store', 8.0,'top', 8.0,'also', 8.0,'central', 8.0,'always', 8.0,'datalayer', 8.0,'down', 8.0,'shop', 8.0,'circle', 8.0,'one', 8.0,'read', 8.0,'zip', 8.0,'federal', 8.0
count5,https://www.upmc.com/locations/hospitals/magee,10,'upmc', 356.0,'health', 183.0,'your', 128.0,'months', 107.0,'care', 103.0,'you', 98.0,'our', 96.0,'var', 85.0,'cancer', 81.0,'magee-womens', 79.0,'ago', 71.0,'services', 71.0,'center', 64.0,'life', 59.0,'seconds', 58.0,'changing', 57.0,'healthbeat', 55.0,'pregnancy', 54.0,'function', 54.0,'patient', 52.0,'breast', 52.0,'about', 51.0,'years', 51.0,'contact', 49.0,'this', 47.0,'new', 46.0,'program', 45.0,'more', 45.0,'have', 42.0,'women', 40.0,'plan', 40.0,'they', 39.0,'resources', 38.0,'during', 38.0,'hospital', 37.0,'choose', 35.0,'information', 33.0,'find', 33.0,'locations', 32.0,'surgery', 32.0,'read', 32.0,'postpartum', 30.0,'how', 30.0,'month', 29.0,'story', 29.0,'all', 29.0,'online', 28.0,'year', 28.0,'when', 28.0,'medical', 28.0,'sign', 28.0,'can', 28.0,'what', 27.0,'experts', 27.0,'central', 27.0,'else', 27.0,'had', 27.0,'halket', 26.0,'not', 26.0,'maternal', 26.0,'patients', 25.0,'learn', 25.0,'magee', 25.0,'see', 24.0,'she', 24.0,'heart', 23.0,'treat', 23.0,'birth', 23.0,'their', 23.0,'follow', 23.0,'get', 21.0,'return', 21.0,'after', 21.0,'stories', 21.0,'also', 21.0,'research', 20.0,'any', 20.0,'conditions', 20.0,'portal', 20.0,'access', 20.0,'treatment', 20.0,'topics', 19.0,'member', 19.0,'solid', 19.0,'plans', 19.0,'please', 19.0,'ultrasound', 18.0,'try', 18.0,'out', 17.0,'should', 17.0,'visit', 17.0,'help', 17.0,'gynecologic', 17.0,'article', 17.0,'doctor', 16.0,'blood', 16.0,'podcast', 15.0,'make', 15.0,'education', 15.0,'support', 15.0,'medicine', 15.0,'community', 15.0,'pittsburgh', 15.0,'her', 15.0,'one', 15.0,'news', 15.0,'than', 14.0,'experience', 14.0,'there', 14.0,'risk', 14.0,'asked', 14.0,"""women's""", 14.0,'specialty', 13.0,'need', 13.0,'options', 13.0,'staff', 13.0,'through', 13.0,'back', 13.0,'insurance', 12.0,'here', 12.0,'right', 12.0,'events', 12.0,'email', 12.0,'changers', 12.0,'family', 12.0,'region', 12.0,'childbirth', 12.0,'know', 12.0,'search', 12.0,"""didn't""", 12.0,'why', 12.0,'first', 12.0,'appointment', 11.0,'because', 11.0,'transplant', 11.0,'mammography', 11.0,'just', 11.0,'healthy', 11.0,'register', 11.0,'pelvic', 11.0,'minute', 11.0,'view', 10.0,'some', 10.0,'over', 10.0,'shop', 10.0,'guide', 10.0,'but', 10.0,'reviewed', 10.0,'biopsy', 10.0,'current', 10.0,'bone', 10.0,'time', 10.0,'then', 10.0,'fertility', 10.0,'such', 10.0,'imaging', 10.0,'being', 10.0,'fetal', 10.0,'screening', 9.0,'privacy', 9.0,'disease', 9.0,'give', 9.0,'already', 9.0,'producer', 9.0,'womenâs', 9.0,'providers', 9.0,'clinical', 9.0,'questions', 9.0,'directions', 9.0,'medically', 9.0,'test', 9.0,'minutes', 9.0,'would', 9.0,'relevant', 9.0,'times', 9.0,'reproductive', 9.0,'important', 9.0,'neonatal', 9.0,'much', 9.0,'frequently', 9.0,'other', 9.0,'these', 9.0,'pregnant', 9.0,'select', 9.0,'system', 9.0,'went', 9.0,'childbirthtagged', 9.0,'wellness', 9.0,'want', 9.0,'video', 9.0,'log', 9.0,'visitors', 9.0,'like', 9.0,'very', 9.0,'blog', 9.0,'emergency', 9.0,'gestational', 8.0,"""it's""", 8.0,'classes', 8.0,'loss', 8.0
count7,https://www.plannedparenthood.org/health-center/pennsylvania/warminster/18974/warminster-medical-center-2510-91410,13,'planned', 256.0,'parenthood', 254.0,'your', 137.0,'var', 126.0,'you', 109.0,'label', 102.0,'solid', 96.0,'this', 78.0,'health', 78.0,'else', 73.0,'---', 73.0,'our', 67.0,'instanceof', 65.0,'years', 61.0,'get', 55.0,'main', 53.0,'choose', 51.0,'new', 47.0,'abortion', 43.0,'seconds', 41.0,'care', 41.0,'can', 41.0,'ago', 41.0,'about', 41.0,'video', 38.0,'services', 37.0,'search', 34.0,'return', 33.0,'have', 32.0,'control', 32.0,'birth', 31.0,'more', 31.0,'border-color', 30.0,'default', 29.0,'function', 28.0,'email', 27.0,'please', 27.0,'background-color', 25.0,'background', 25.0,'let', 25.0,'find', 25.0,'error', 24.0,'contact', 24.0,'all', 23.0,'loading', 23.0,'center', 23.0,'opacity', 22.0,'action', 21.0,'when', 21.0,'donate', 21.0,'information', 21.0,'research', 21.0,'gift', 20.0,'toggle', 20.0,'form', 20.0,'access', 20.0,'color', 20.0,'how', 20.0,'out', 19.0,'sexual', 19.0,'insurance', 18.0,'navigation', 18.0,'screen', 18.0,'year', 18.0,'field', 18.0,'sex', 17.0,'follow', 17.0,'policy', 17.0,'does', 17.0,'only', 16.0,'involved', 16.0,'donor', 16.0,'available', 16.0,'other', 16.0,'learn', 16.0,'infinite', 15.0,'louis', 15.0,'any', 15.0,'ease', 15.0,'off', 15.0,'set', 15.0,'add', 15.0,'data', 15.0,'call', 15.0,'code', 15.0,'bans', 15.0,'state', 14.0,'what', 14.0,'senior', 14.0,'first', 14.0,'vice', 14.0,'mail', 14.0,'lever-fadein', 14.0,'used', 14.0,'take', 13.0,'reproductive', 13.0,'online', 13.0,'value', 13.0,'not', 13.0,'path', 13.0,'development', 13.0,'affiliate', 12.0,'federation', 12.0,'great', 12.0,'blog', 12.0,'advocacy', 12.0,'select', 12.0,'mypostrender', 12.0,'make', 12.0,'north', 12.0,'share', 12.0,'under', 12.0,'chief', 12.0,'bodies', 12.0,'help', 12.0,'use', 12.0,'user', 12.0,'name', 12.0,'membership', 11.0,'now', 11.0,'general', 11.0,'const', 11.0,'open', 11.0,'appointment', 11.0,'know', 11.0,'office', 11.0,'privacy', 11.0,'want', 11.0,'cart', 11.0,'after', 11.0,'through', 11.0,'officer', 11.0,'box-shadow', 10.0,'show', 10.0,'custom', 10.0,'normal', 10.0,'tax-deductible', 10.0,'change', 10.0,'method', 10.0,'checkbox', 10.0,'resharper', 10.0,'hide', 10.0,'participate', 10.0,'products', 10.0,'card', 9.0,'shimmer', 9.0,'lever-slideup', 9.0,'attacks', 9.0,'questions', 9.0,'pregnancy', 9.0,'provider', 9.0,'rights', 9.0,'right', 9.0,'display', 9.0,'selected', 9.0,'rotate-infinite', 9.0,'button', 9.0,'check', 9.0,'digital', 9.0,'forms', 9.0,'sign', 9.0,'see', 9.0,'lever-fadeout', 9.0,'fade-in', 9.0,'need', 9.0,'img', 9.0,'volunteer', 9.0,'toastfadein', 9.0,'none', 9.0,'give', 9.0,'may', 9.0,'left', 9.0,'lever-slidedown', 9.0,'months', 9.0,'fade-out', 9.0,'datalayer', 8.0,'also', 8.0,'central', 8.0,'top', 8.0,'ppfa', 8.0,'people', 8.0,'terms', 8.0,'home', 8.0,'campaigns', 8.0,'states', 8.0,'span', 8.0,'just', 8.0,'protect', 8.0,'always', 8.0,'closed', 8.0,'store', 8.0,'read', 8.0,'circle', 8.0,'day', 8.0,'one', 8.0,'extent', 8.0,'target', 8.0,'federal', 8.0,'zip', 8.0,'question', 8.0
count8,https://www.plannedparenthood.org/health-center/pennsylvania/york/17401/york-medical-center-3786-91410,14,'planned', 256.0,'parenthood', 254.0,'your', 137.0,'var', 128.0,'you', 107.0,'label', 102.0,'solid', 98.0,'this', 78.0,'health', 78.0,'else', 73.0,'---', 73.0,'our', 67.0,'instanceof', 65.0,'years', 61.0,'get', 55.0,'main', 53.0,'choose', 51.0,'new', 49.0,'abortion', 44.0,'can', 42.0,'seconds', 41.0,'ago', 41.0,'care', 41.0,'about', 40.0,'video', 38.0,'services', 36.0,'search', 34.0,'return', 33.0,'control', 32.0,'more', 31.0,'have', 31.0,'birth', 30.0,'border-color', 30.0,'default', 29.0,'function', 28.0,'email', 27.0,'please', 27.0,'background-color', 25.0,'find', 25.0,'background', 25.0,'let', 25.0,'error', 24.0,'contact', 24.0,'center', 24.0,'all', 23.0,'loading', 23.0,'opacity', 22.0,'donate', 21.0,'research', 21.0,'when', 21.0,'action', 21.0,'toggle', 20.0,'how', 20.0,'form', 20.0,'color', 20.0,'access', 20.0,'information', 20.0,'gift', 20.0,'sexual', 19.0,'out', 19.0,'policy', 19.0,'year', 18.0,'field', 18.0,'insurance', 18.0,'navigation', 18.0,'screen', 18.0,'does', 17.0,'follow', 17.0,'sex', 17.0,'learn', 16.0,'involved', 16.0,'donor', 16.0,'not', 16.0,'add', 15.0,'ease', 15.0,'code', 15.0,'off', 15.0,'set', 15.0,'any', 15.0,'other', 15.0,'data', 15.0,'infinite', 15.0,'only', 15.0,'bans', 15.0,'senior', 14.0,'used', 14.0,'vice', 14.0,'what', 14.0,'call', 14.0,'help', 14.0,'take', 14.0,'state', 14.0,'first', 14.0,'mail', 14.0,'lever-fadein', 14.0,'reproductive', 13.0,'online', 13.0,'appointment', 13.0,'use', 13.0,'development', 13.0,'value', 13.0,'available', 13.0,'path', 13.0,'user', 12.0,'under', 12.0,'advocacy', 12.0,'north', 12.0,'chief', 12.0,'share', 12.0,'affiliate', 12.0,'name', 12.0,'select', 12.0,'mypostrender', 12.0,'privacy', 12.0,'beaver', 12.0,'blog', 12.0,'federation', 12.0,'bodies', 12.0,'great', 12.0,'make', 12.0,'know', 11.0,'want', 11.0,'cart', 11.0,'officer', 11.0,'general', 11.0,'const', 11.0,'office', 11.0,'through', 11.0,'open', 11.0,'membership', 11.0,'after', 11.0,'now', 10.0,'south', 10.0,'none', 10.0,'custom', 10.0,'normal', 10.0,'box-shadow', 10.0,'change', 10.0,'checkbox', 10.0,'show', 10.0,'hide', 10.0,'resharper', 10.0,'tax-deductible', 10.0,'give', 10.0,'method', 10.0,'products', 10.0,'see', 10.0,'participate', 10.0,'shimmer', 9.0,'pregnancy', 9.0,'sign', 9.0,'attacks', 9.0,'provider', 9.0,'months', 9.0,'card', 9.0,'questions', 9.0,'terms', 9.0,'fade-out', 9.0,'digital', 9.0,'fade-in', 9.0,'button', 9.0,'lever-slideup', 9.0,'rotate-infinite', 9.0,'img', 9.0,'rights', 9.0,'forms', 9.0,'right', 9.0,'volunteer', 9.0,'toastfadein', 9.0,'display', 9.0,'need', 9.0,'check', 9.0,'left', 9.0,'span', 9.0,'lever-fadeout', 9.0,'lever-slidedown', 9.0,'may', 9.0,'selected', 9.0,'central', 8.0,'read', 8.0,'down', 8.0,'one', 8.0,'people', 8.0,'just', 8.0,'shop', 8.0,'day', 8.0,'also', 8.0,'service', 8.0,'target', 8.0,'datalayer', 8.0,'always', 8.0,'fill', 8.0,'protect', 8.0,'top', 8.0,'zip', 8.0,'federal', 8.0,'hours', 8.0,'campaigns', 8.0,'google', 8.0,'store', 8.0
count9,https://www.plannedparenthood.org/health-center/pennsylvania/allentown/18101/allentown-medical-center-2723-91410,13,'planned', 258.0,'parenthood', 256.0,'your', 137.0,'var', 126.0,'you', 110.0,'label', 102.0,'solid', 96.0,'health', 79.0,'this', 78.0,'---', 73.0,'else', 73.0,'our', 65.0,'instanceof', 65.0,'years', 61.0,'get', 55.0,'main', 53.0,'choose', 51.0,'new', 47.0,'abortion', 43.0,'ago', 41.0,'can', 41.0,'seconds', 41.0,'care', 41.0,'about', 40.0,'video', 38.0,'services', 37.0,'search', 34.0,'return', 33.0,'control', 32.0,'have', 32.0,'birth', 31.0,'more', 31.0,'border-color', 30.0,'default', 29.0,'function', 28.0,'please', 27.0,'email', 27.0,'find', 25.0,'background', 25.0,'background-color', 25.0,'let', 25.0,'contact', 24.0,'error', 24.0,'all', 23.0,'loading', 23.0,'opacity', 22.0,'center', 22.0,'donate', 21.0,'information', 21.0,'research', 21.0,'when', 21.0,'action', 21.0,'gift', 20.0,'access', 20.0,'color', 20.0,'toggle', 20.0,'how', 20.0,'form', 20.0,'sexual', 19.0,'out', 19.0,'screen', 18.0,'field', 18.0,'insurance', 18.0,'navigation', 18.0,'year', 18.0,'follow', 17.0,'does', 17.0,'policy', 17.0,'sex', 17.0,'involved', 16.0,'learn', 16.0,'only', 16.0,'donor', 16.0,'north', 16.0,'data', 15.0,'other', 15.0,'add', 15.0,'appointment', 15.0,'set', 15.0,'off', 15.0,'bans', 15.0,'ease', 15.0,'infinite', 15.0,'code', 15.0,'senior', 14.0,'call', 14.0,'mail', 14.0,'vice', 14.0,'any', 14.0,'state', 14.0,'used', 14.0,'first', 14.0,'what', 14.0,'lever-fadein', 14.0,'development', 13.0,'path', 13.0,'reproductive', 13.0,'value', 13.0,'online', 13.0,'under', 12.0,'select', 12.0,'not', 12.0,'affiliate', 12.0,'great', 12.0,'user', 12.0,'bodies', 12.0,'name', 12.0,'chief', 12.0,'federation', 12.0,'take', 12.0,'share', 12.0,'use', 12.0,'ninth', 12.0,'advocacy', 12.0,'blog', 12.0,'help', 12.0,'mypostrender', 12.0,'make', 11.0,'const', 11.0,'through', 11.0,'want', 11.0,'officer', 11.0,'normal', 11.0,'cart', 11.0,'membership', 11.0,'general', 11.0,'office', 11.0,'open', 11.0,'after', 11.0,'know', 11.0,'privacy', 11.0,'method', 10.0,'available', 10.0,'products', 10.0,'change', 10.0,'box-shadow', 10.0,'checkbox', 10.0,'custom', 10.0,'show', 10.0,'participate', 10.0,'hide', 10.0,'resharper', 10.0,'now', 10.0,'tax-deductible', 10.0,'provide', 9.0,'card', 9.0,'may', 9.0,'rights', 9.0,'right', 9.0,'give', 9.0,'need', 9.0,'digital', 9.0,'provider', 9.0,'volunteer', 9.0,'lever-fadeout', 9.0,'none', 9.0,'questions', 9.0,'left', 9.0,'pregnancy', 9.0,'hours', 9.0,'forms', 9.0,'shimmer', 9.0,'display', 9.0,'attacks', 9.0,'see', 9.0,'img', 9.0,'months', 9.0,'sign', 9.0,'selected', 9.0,'check', 9.0,'lever-slidedown', 9.0,'button', 9.0,'rotate-infinite', 9.0,'toastfadein', 9.0,'fade-in', 9.0,'lever-slideup', 9.0,'fade-out', 9.0,'zip', 8.0,'read', 8.0,'circle', 8.0,'home', 8.0,'down', 8.0,'states', 8.0,'central', 8.0,'ppfa', 8.0,'just', 8.0,'shop', 8.0,'fill', 8.0,'protect', 8.0,'terms', 8.0,'local', 8.0,'one', 8.0,'federal', 8.0,'day', 8.0,'campaigns', 8.0,'span', 8.0,'top', 8.0,'always', 8.0,'also', 8.0,'fullest', 8.0
count10,https://www.pennmedicine.org/for-patients-and-visitors/find-a-program-or-service/obstetrics/family-planning-and-pregnancy-loss-program,1,"""'-'""", 0.0,'plandisaster', 0.0,"""plan'""", 0.0,'plan', 0.0,'plains', 0.0,'places', 0.0,'placenta', 0.0,'placement', 0.0,'placeholders', 0.0,'placeholder', 0.0,'placed', 0.0,'place', 0.0,'pixel', 0.0,'pittsburghfrequently', 0.0,'pittsburghfree', 0.0,'pittsburghallegheny', 0.0,'pittsburgh', 0.0,'pitt', 0.0,'pitched', 0.0,'pitcairn', 0.0,'pinwidth', 0.0,'pinterest', 0.0,'pinshats', 0.0,'pins', 0.0,'pink', 0.0,'pinching', 0.0,'pin', 0.0,'pillâ', 0.0,'pillsthe', 0.0,"""plan's""", 0.0,'planmedical', 0.0,'pilloptionsour', 0.0,'planned', 0.0,'pmfri', 0.0,'pmclosed', 0.0,'pmapril', 0.0,'plymouth', 0.0,'plus', 0.0,'pluralweekchar', 0.0,'pluraldaychar', 0.0,'plenty', 0.0,'plenary', 0.0,'pleased', 0.0,'please', 0.0,'plaza', 0.0,'playroom', 0.0,'playlists', 0.0,'playground', 0.0,'playback', 0.0,'play', 0.0,'platforms', 0.0,'platform', 0.0,'plastics', 0.0,'plastic', 0.0,'planweight', 0.0,'planthis', 0.0,'plans', 0.0,'planquit', 0.0,'planning', 0.0,'planner', 0.0,'pills', 0.0,'pillif', 0.0,'original', 0.0,'philando', 0.0,'philadelphiathe', 0.0,'philadelphiaeinstein', 0.0,'philadelphia', 0.0,'phenomsryan', 0.0,'phenoms', 0.0,'pharmacy', 0.0,'pharmaceutical', 0.0,"""pfizer's""", 0.0,'pfizer', 0.0,'pfb', 0.0,"""peyronie's""", 0.0,'pet', 0.0,'peru', 0.0,'pertains', 0.0,'pertain', 0.0,'perspectives', 0.0,'personâs', 0.0,'personally', 0.0,'personalized', 0.0,'personalization', 0.0,'personality', 0.0,'personalisation', 0.0,'personal', 0.0,'personable', 0.0,'person', 0.0,'permitted', 0.0,'permits', 0.0,'philadelphiaâs', 0.0,'philippines', 0.0,'pillabortionprocedure', 0.0,'philly', 0.0,'pill', 0.0,'pike', 0.0,'pierre', 0.0,'piece', 0.0,'picture', 0.0,'pickups', 0.0,'picking', 0.0,'pick', 0.0,'physicianâs', 0.0,'physiciansnorth', 0.0,'physicians', 0.0,'physician-patient', 0.0,'physician-authored', 0.0,'physician', 0.0,'physical', 0.0,'phreesia', 0.0,'php', 0.0,'photoyou', 0.0,'photosharesavephotos', 0.0,'photosadd', 0.0,'photos', 0.0,'photographic', 0.0,'photo', 0.0,'phones', 0.0,'phone', 0.0,'phobeef', 0.0,'philosophy', 0.0,'pmhours', 0.0,'pmmarch', 0.0,'pmsat', 0.0,'ppfa', 0.0,'ppcoupons', 0.0,'powerful', 0.0,'powered', 0.0,'power', 0.0,'powell', 0.0,'pottsville', 0.0,'potential', 0.0,'potatoesswimmingsymptoms', 0.0,'posts', 0.0,'postrender', 0.0,'postponed', 0.0,'postpartum', 0.0,'postings', 0.0,'posting', 0.0,'posted', 0.0,'postdelivery', 0.0,'postdata', 0.0,'postal', 0.0,'post-traumatic', 0.0,'post-transplant', 0.0,'post-menopausal', 0.0,'post-exposure', 0.0,'post-abortion', 0.0,'post', 0.0,'possibly', 0.0,'possible', 0.0,'possibility', 0.0,'ppe', 0.0,'ppgf', 0.0,'pmsunclosedamenities', 0.0,'ppgfâs', 0.0,'predictions', 0.0,'predict', 0.0,'preconception', 0.0,'preceding', 0.0,'precautions', 0.0,'pre-set', 0.0,'pre-procedure', 0.0,'pre-op', 0.0,'pre-k', 0.0,'pre-implantation', 0.0,'pre-exposure', 0.0,'pre-existing', 0.0,'pre-conception', 0.0,'pre-alpha', 0.0,'pre-admission', 0.0,'pre-abortion', 0.0,'pre', 0.0,'pray', 0.0,'practitioners', 0.0,'practitioner', 0.0,'practiceshow', 0.0,'practices', 0.0,'practice', 0.0,'practical', 0.0,'ppregistration', 0.0,'ppo', 0.0,'pplogin', 0.0,'posneraccepting', 0.0,'positive', 0.0,'positions', 0.0,'position', 0.0,'policyhybridplanned', 0.0,'policyapplypolicy', 0.0,'policyad', 0.0,'policy', 0.0,'policies', 0.0,'police', 0.0,'poland', 0.0,'poisoningfood', 0.0,'poisoning', 0.0,'pointing', 0.0,'point', 0.0,'podrÃ­a', 0.0
count11,https://www.plannedparenthood.org/health-center/pennsylvania/norristown/19401/norristown-abortion-center-3952-91460#services-offered,16,'planned', 273.0,'parenthood', 272.0,'your', 159.0,'var', 132.0,'you', 113.0,'label', 102.0,'instanceof', 102.0,'solid', 98.0,'new', 87.0,'this', 87.0,'health', 75.0,'else', 74.0,'---', 73.0,'our', 67.0,'get', 65.0,'years', 61.0,'main', 59.0,'abortion', 52.0,'choose', 51.0,'search', 45.0,'about', 44.0,'care', 43.0,'seconds', 41.0,'ago', 41.0,'can', 40.0,'return', 40.0,'more', 40.0,'video', 38.0,'please', 35.0,'services', 35.0,'function', 34.0,'have', 32.0,'error', 30.0,'find', 30.0,'border-color', 30.0,'default', 29.0,'all', 28.0,'email', 28.0,'control', 28.0,'information', 27.0,'birth', 26.0,'follow', 26.0,'contact', 26.0,'let', 26.0,'background-color', 25.0,'background', 25.0,'donate', 24.0,'field', 23.0,'when', 23.0,'learn', 23.0,'loading', 23.0,'toggle', 22.0,'septa', 22.0,'opacity', 22.0,'form', 22.0,'research', 22.0,'call', 22.0,'how', 21.0,'policy', 21.0,'navigation', 21.0,'out', 21.0,'action', 21.0,'gift', 21.0,'access', 21.0,'center', 20.0,'color', 20.0,'screen', 19.0,'sexual', 19.0,'insurance', 18.0,'year', 18.0,'set', 18.0,'involved', 18.0,'code', 18.0,'does', 17.0,'sex', 17.0,'use', 16.0,'first', 16.0,'online', 16.0,'islands', 16.0,'agent', 16.0,'donor', 16.0,'infinite', 15.0,'southeastern', 15.0,'add', 15.0,'privacy', 15.0,'bans', 15.0,'off', 15.0,'value', 15.0,'ease', 15.0,'other', 15.0,'senior', 15.0,'development', 15.0,'data', 15.0,'only', 15.0,'any', 15.0,'state', 15.0,'not', 15.0,'make', 14.0,'what', 14.0,'north', 14.0,'app', 14.0,'used', 14.0,'reproductive', 14.0,'pennsylvania', 14.0,'lever-fadein', 14.0,'vice', 14.0,'regional', 14.0,'affiliate', 13.0,'require', 13.0,'card', 13.0,'need', 13.0,'select', 13.0,'left', 13.0,'name', 13.0,'mail', 13.0,'open', 13.0,'path', 13.0,'must', 13.0,'through', 12.0,'chief', 12.0,'appointment', 12.0,'bodies', 12.0,'mypostrender', 12.0,'now', 12.0,'federation', 12.0,'under', 12.0,'page', 12.0,'blog', 12.0,'service', 12.0,'advocacy', 12.0,'share', 12.0,'store', 12.0,'great', 12.0,'help', 12.0,'user', 12.0,'take', 12.0,'show', 12.0,'const', 12.0,'powell', 12.0,'terms', 11.0,'want', 11.0,'closed', 11.0,'know', 11.0,'enter', 11.0,'provider', 11.0,'custom', 11.0,'officer', 11.0,'see', 11.0,'general', 11.0,'membership', 11.0,'office', 11.0,'questions', 11.0,'rights', 11.0,'cart', 11.0,'march', 11.0,'checkbox', 10.0,'south', 10.0,'after', 10.0,'hide', 10.0,'check', 10.0,'participate', 10.0,'target', 10.0,'tax-deductible', 10.0,'forms', 10.0,'resharper', 10.0,'method', 10.0,'right', 10.0,'private', 10.0,'line', 10.0,'zip', 10.0,'one', 10.0,'give', 10.0,'message', 10.0,'extends', 10.0,'products', 10.0,'google', 10.0,'volunteer', 10.0,'box-shadow', 10.0,'change', 10.0,'attacks', 9.0,'shop', 9.0,'rotate-infinite', 9.0,'fill', 9.0,'shimmer', 9.0,'display', 9.0,'selected', 9.0,'img', 9.0,'available', 9.0,'back', 9.0,'while', 9.0,'schedule', 9.0,'toastfadein', 9.0,'button', 9.0,'read', 9.0,'down', 9.0,'day', 9.0,'lever-fadeout', 9.0,'none', 9.0,'lever-slidedown', 9.0,'fade-in', 9.0
count12,https://www.plannedparenthood.org/health-center/pennsylvania/wilkes-barre/18701/wilkes-barre-medical-center-2761-91410,13,'parenthood', 256.0,'planned', 256.0,'your', 137.0,'var', 126.0,'you', 109.0,'label', 102.0,'solid', 96.0,'this', 78.0,'health', 78.0,'---', 73.0,'else', 73.0,'main', 65.0,'instanceof', 65.0,'our', 65.0,'years', 61.0,'get', 55.0,'choose', 51.0,'new', 47.0,'abortion', 43.0,'can', 41.0,'care', 41.0,'seconds', 41.0,'ago', 41.0,'about', 40.0,'video', 38.0,'services', 36.0,'search', 34.0,'return', 33.0,'have', 32.0,'control', 32.0,'more', 31.0,'birth', 31.0,'border-color', 30.0,'default', 29.0,'function', 28.0,'email', 27.0,'please', 27.0,'background', 25.0,'let', 25.0,'background-color', 25.0,'find', 25.0,'contact', 24.0,'error', 24.0,'loading', 23.0,'all', 23.0,'center', 23.0,'opacity', 22.0,'action', 21.0,'when', 21.0,'research', 21.0,'donate', 21.0,'color', 20.0,'how', 20.0,'access', 20.0,'information', 20.0,'gift', 20.0,'toggle', 20.0,'form', 20.0,'sexual', 19.0,'out', 19.0,'screen', 18.0,'field', 18.0,'insurance', 18.0,'navigation', 18.0,'year', 18.0,'does', 17.0,'follow', 17.0,'policy', 17.0,'sex', 17.0,'other', 16.0,'donor', 16.0,'involved', 16.0,'learn', 16.0,'only', 15.0,'data', 15.0,'infinite', 15.0,'any', 15.0,'off', 15.0,'north', 15.0,'bans', 15.0,'ease', 15.0,'add', 15.0,'code', 15.0,'set', 15.0,'state', 14.0,'vice', 14.0,'what', 14.0,'used', 14.0,'first', 14.0,'senior', 14.0,'lever-fadein', 14.0,'call', 14.0,'mail', 14.0,'path', 13.0,'reproductive', 13.0,'online', 13.0,'value', 13.0,'take', 13.0,'development', 13.0,'not', 13.0,'affiliate', 12.0,'mypostrender', 12.0,'name', 12.0,'advocacy', 12.0,'make', 12.0,'appointment', 12.0,'great', 12.0,'user', 12.0,'federation', 12.0,'blog', 12.0,'chief', 12.0,'bodies', 12.0,'use', 12.0,'share', 12.0,'select', 12.0,'under', 12.0,'available', 12.0,'help', 12.0,'general', 11.0,'open', 11.0,'cart', 11.0,'privacy', 11.0,'office', 11.0,'through', 11.0,'const', 11.0,'after', 11.0,'membership', 11.0,'know', 11.0,'officer', 11.0,'want', 11.0,'resharper', 10.0,'box-shadow', 10.0,'products', 10.0,'custom', 10.0,'method', 10.0,'normal', 10.0,'show', 10.0,'tax-deductible', 10.0,'change', 10.0,'hide', 10.0,'now', 10.0,'checkbox', 10.0,'participate', 10.0,'card', 9.0,'button', 9.0,'check', 9.0,'give', 9.0,'provide', 9.0,'toastfadein', 9.0,'rights', 9.0,'may', 9.0,'img', 9.0,'pregnancy', 9.0,'none', 9.0,'attacks', 9.0,'see', 9.0,'display', 9.0,'selected', 9.0,'digital', 9.0,'lever-slideup', 9.0,'lever-slidedown', 9.0,'lever-fadeout', 9.0,'shimmer', 9.0,'rotate-infinite', 9.0,'left', 9.0,'volunteer', 9.0,'need', 9.0,'right', 9.0,'sign', 9.0,'provider', 9.0,'closed', 9.0,'fade-in', 9.0,'fade-out', 9.0,'questions', 9.0,'months', 9.0,'forms', 9.0,'zip', 8.0,'day', 8.0,'down', 8.0,'just', 8.0,'circle', 8.0,'federal', 8.0,'fill', 8.0,'states', 8.0,'question', 8.0,'people', 8.0,'always', 8.0,'terms', 8.0,'datalayer', 8.0,'also', 8.0,'google', 8.0,'shop', 8.0,'local', 8.0,'fullest', 8.0,'central', 8.0,'store', 8.0,'protect', 8.0,'target', 8.0,'ppfa', 8.0,'read', 8.0
count13,http://www.plannedparenthood.org/health-center/centerDetails.asp?f=2513&a=91410&v=details,13,'planned', 256.0,'parenthood', 254.0,'your', 135.0,'var', 126.0,'you', 110.0,'label', 102.0,'solid', 96.0,'this', 77.0,'health', 75.0,'else', 73.0,'---', 73.0,'instanceof', 65.0,'our', 64.0,'years', 61.0,'get', 54.0,'main', 53.0,'choose', 51.0,'new', 47.0,'abortion', 43.0,'can', 41.0,'seconds', 41.0,'care', 41.0,'ago', 41.0,'about', 40.0,'video', 38.0,'services', 35.0,'search', 34.0,'return', 33.0,'have', 31.0,'control', 30.0,'border-color', 30.0,'default', 29.0,'more', 29.0,'function', 28.0,'birth', 28.0,'email', 27.0,'please', 26.0,'background-color', 25.0,'background', 25.0,'let', 25.0,'find', 25.0,'error', 24.0,'contact', 24.0,'loading', 23.0,'all', 23.0,'opacity', 22.0,'donate', 21.0,'when', 21.0,'research', 21.0,'action', 21.0,'center', 21.0,'how', 20.0,'color', 20.0,'information', 20.0,'form', 20.0,'access', 20.0,'toggle', 20.0,'gift', 20.0,'sexual', 19.0,'out', 19.0,'navigation', 18.0,'screen', 18.0,'year', 18.0,'field', 18.0,'insurance', 18.0,'sex', 17.0,'follow', 17.0,'policy', 17.0,'does', 17.0,'learn', 16.0,'involved', 16.0,'donor', 16.0,'any', 16.0,'code', 15.0,'appointment', 15.0,'bans', 15.0,'infinite', 15.0,'add', 15.0,'ease', 15.0,'set', 15.0,'call', 15.0,'first', 15.0,'off', 15.0,'only', 15.0,'data', 15.0,'state', 14.0,'senior', 14.0,'other', 14.0,'online', 14.0,'vice', 14.0,'used', 14.0,'what', 14.0,'lever-fadein', 14.0,'mail', 13.0,'development', 13.0,'make', 13.0,'reproductive', 13.0,'path', 13.0,'value', 13.0,'affiliate', 12.0,'advocacy', 12.0,'open', 12.0,'mypostrender', 12.0,'see', 12.0,'take', 12.0,'federation', 12.0,'under', 12.0,'not', 12.0,'share', 12.0,'available', 12.0,'name', 12.0,'blog', 12.0,'select', 12.0,'north', 12.0,'great', 12.0,'bodies', 12.0,'use', 12.0,'chief', 12.0,'user', 12.0,'after', 11.0,'through', 11.0,'want', 11.0,'plaza', 11.0,'officer', 11.0,'cart', 11.0,'shopping', 11.0,'office', 11.0,'privacy', 11.0,'membership', 11.0,'general', 11.0,'const', 11.0,'help', 11.0,'know', 11.0,'now', 10.0,'hide', 10.0,'change', 10.0,'box-shadow', 10.0,'custom', 10.0,'products', 10.0,'method', 10.0,'resharper', 10.0,'give', 10.0,'show', 10.0,'normal', 10.0,'tax-deductible', 10.0,'checkbox', 10.0,'participate', 10.0,'volunteer', 9.0,'rotate-infinite', 9.0,'rights', 9.0,'need', 9.0,'provider', 9.0,'img', 9.0,'day', 9.0,'toastfadein', 9.0,'right', 9.0,'questions', 9.0,'lever-fadeout', 9.0,'lever-slidedown', 9.0,'none', 9.0,'selected', 9.0,'card', 9.0,'pregnancy', 9.0,'attacks', 9.0,'left', 9.0,'months', 9.0,'shimmer', 9.0,'check', 9.0,'sign', 9.0,'lever-slideup', 9.0,'fade-out', 9.0,'display', 9.0,'forms', 9.0,'fade-in', 9.0,'digital', 9.0,'button', 9.0,'shop', 8.0,'ppfa', 8.0,'zip', 8.0,'fullest', 8.0,'fill', 8.0,'circle', 8.0,'federal', 8.0,'terms', 8.0,'read', 8.0,'google', 8.0,'store', 8.0,'closed', 8.0,'local', 8.0,'top', 8.0,'also', 8.0,'span', 8.0,'protect', 8.0,'down', 8.0,'extent', 8.0,'one', 8.0,'always', 8.0,'schedule', 8.0,'target', 8.0,'question', 8.0
count14,https://www.thewomenscenters.com/delawarecountywomenscenter/,25,'abortion', 548.0,'our', 324.0,'you', 236.0,'read', 225.0,'request', 183.0,'womenâs', 182.0,'center', 181.0,'solid', 166.0,'auto', 156.0,'more', 146.0,'care', 142.0,'your', 133.0,'appointment', 132.0,'medical', 124.0,'take', 102.0,'action', 101.0,'financial', 101.0,'contact', 100.0,'assistance', 99.0,'mailing', 93.0,'records', 91.0,'block', 90.0,'anomaly', 89.0,'kit', 88.0,'pregnancy', 87.0,'pill', 86.0,'services', 86.0,'options', 84.0,'var', 83.0,'this', 81.0,'new', 81.0,'delaware', 79.0,'medication', 77.0,'procedures', 75.0,'volunteer', 74.0,'all', 74.0,'join', 74.0,'vote', 73.0,'list', 73.0,'register', 71.0,'control', 71.0,'subscribe', 70.0,'home', 70.0,'donate', 69.0,'blog', 69.0,'engage', 67.0,'learn', 67.0,'fetal', 67.0,'none', 67.0,'job', 66.0,'openings', 66.0,'brochure', 66.0,'requests', 66.0,'inquiries', 66.0,'reproductive', 60.0,'please', 54.0,'javascript', 53.0,'atlanta', 52.0,'can', 52.0,'form', 49.0,'womens', 48.0,"""women's""", 48.0,'ensure', 48.0,'county', 47.0,'start', 47.0,'legal', 46.0,'centers', 46.0,'background', 46.0,'website', 46.0,'accessibility', 46.0,'purposes', 44.0,'end', 44.0,'menu', 44.0,'enabled', 44.0,'birth', 43.0,'about', 42.0,'south', 42.0,'have', 42.0,'health', 39.0,'mission', 39.0,'access', 37.0,'not', 37.0,"""'nf-field-'""", 36.0,'field', 35.0,'call', 35.0,'women', 35.0,'hill', 34.0,'decisions', 34.0,'their', 34.0,'cherry', 34.0,'patient', 33.0,'notification', 33.0,'gyn', 33.0,'life', 29.0,'click', 29.0,'available', 29.0,'offered', 28.0,'since', 28.0,'after', 28.0,'submit', 28.0,'proud', 28.0,'function', 27.0,'appointments', 26.0,'transparent', 25.0,'only', 25.0,'support', 25.0,'days', 25.0,'button', 25.0,'make', 24.0,'help', 24.0,'twitter', 24.0,'facebook-f', 24.0,'who', 24.0,'space', 24.0,'stories', 24.0,'members', 24.0,'patients', 23.0,'use', 23.0,'screen', 23.0,'effect', 23.0,'scheduling', 23.0,'shadow', 22.0,'actionthank', 22.0,'votesubscribe', 22.0,'actionpost', 22.0,'material', 22.0,'servicesfinancial', 22.0,'skip', 22.0,'immediate', 22.0,'pilloptionsour', 22.0,'instructionspregnancy', 22.0,'centerdonateengagefetal', 22.0,'localize', 22.0,'content', 22.0,'centercontact', 22.0,'faq', 22.0,'centerbirth', 22.0,'youvolunteer', 22.0,'proceduresabout', 22.0,'careers', 22.0,'optionsbrochure', 22.0,'careabortion', 22.0,'listtake', 22.0,'file', 22.0,'must', 22.0,'lawspatient', 22.0,'linkedin-in', 22.0,'centerpolitical', 22.0,'remains', 22.0,'usappointmentsatlanta', 22.0,'usdelaware', 22.0,'inline', 22.0,'rtafr', 22.0,'requestscherry', 22.0,'inquiriesmedical', 22.0,'requestmedication', 22.0,'storiesphiladelphia', 22.0,'instagram', 22.0,'missionparental', 22.0,'blogregister', 22.0,'search', 22.0,'scrollable', 22.0,'columns', 22.0,'abortionpre-procedure', 22.0,'auto-generated', 22.0,'optionsread', 22.0,'else', 21.0,'rights', 19.0,'important', 19.0,'what', 19.0,'information', 19.0,'clinic', 19.0,"""'-'""", 18.0,'procedure', 18.0,'laws', 18.0,'through', 18.0,'work', 18.0,'render', 18.0,'provide', 18.0,'email', 18.0,'required', 18.0,'they', 17.0,'people', 17.0,'counseling', 17.0,'these', 16.0,'justice', 16.0,'before', 16.0,'weeks', 16.0,'staff', 16.0,'public', 15.0,'may', 15.0,'there', 15.0,'any', 15.0,'called', 15.0,'like', 14.0,'having', 14.0,'find', 14.0,'also', 14.0,'time', 14.0,'state', 13.0
count15,https://www.plannedparenthood.org/health-center/pennsylvania/west-chester/19382/west-chester-surgical-center-3918-91460,16,'planned', 273.0,'parenthood', 272.0,'your', 159.0,'var', 132.0,'you', 113.0,'label', 102.0,'instanceof', 102.0,'solid', 98.0,'new', 87.0,'this', 87.0,'health', 75.0,'else', 74.0,'---', 73.0,'our', 67.0,'get', 65.0,'years', 61.0,'main', 59.0,'choose', 51.0,'abortion', 47.0,'search', 45.0,'about', 44.0,'care', 43.0,'ago', 41.0,'can', 41.0,'seconds', 41.0,'return', 40.0,'more', 40.0,'video', 38.0,'please', 36.0,'services', 35.0,'function', 34.0,'have', 32.0,'border-color', 30.0,'error', 30.0,'find', 30.0,'default', 29.0,'control', 28.0,'email', 28.0,'all', 28.0,'information', 27.0,'follow', 26.0,'birth', 26.0,'let', 26.0,'contact', 26.0,'background', 25.0,'background-color', 25.0,'donate', 24.0,'loading', 23.0,'when', 23.0,'field', 23.0,'learn', 23.0,'septa', 22.0,'call', 22.0,'opacity', 22.0,'form', 22.0,'research', 22.0,'toggle', 22.0,'access', 21.0,'out', 21.0,'navigation', 21.0,'gift', 21.0,'how', 21.0,'action', 21.0,'policy', 21.0,'color', 20.0,'screen', 19.0,'center', 19.0,'sexual', 19.0,'involved', 18.0,'code', 18.0,'set', 18.0,'year', 18.0,'insurance', 18.0,'sex', 17.0,'does', 17.0,'donor', 16.0,'agent', 16.0,'use', 16.0,'first', 16.0,'islands', 16.0,'west', 16.0,'online', 16.0,'privacy', 15.0,'bans', 15.0,'data', 15.0,'only', 15.0,'development', 15.0,'off', 15.0,'value', 15.0,'ease', 15.0,'state', 15.0,'add', 15.0,'southeastern', 15.0,'senior', 15.0,'other', 15.0,'any', 15.0,'infinite', 15.0,'not', 15.0,'used', 14.0,'app', 14.0,'pennsylvania', 14.0,'make', 14.0,'vice', 14.0,'lever-fadein', 14.0,'north', 14.0,'what', 14.0,'reproductive', 14.0,'must', 13.0,'path', 13.0,'open', 13.0,'select', 13.0,'left', 13.0,'require', 13.0,'affiliate', 13.0,'name', 13.0,'regional', 13.0,'mail', 13.0,'need', 13.0,'card', 13.0,'help', 12.0,'user', 12.0,'now', 12.0,'federation', 12.0,'wayne', 12.0,'appointment', 12.0,'store', 12.0,'advocacy', 12.0,'line', 12.0,'through', 12.0,'const', 12.0,'bodies', 12.0,'blog', 12.0,'great', 12.0,'under', 12.0,'service', 12.0,'show', 12.0,'chief', 12.0,'take', 12.0,'mypostrender', 12.0,'share', 12.0,'page', 12.0,'rights', 11.0,'office', 11.0,'march', 11.0,'terms', 11.0,'custom', 11.0,'membership', 11.0,'know', 11.0,'want', 11.0,'officer', 11.0,'cart', 11.0,'see', 11.0,'questions', 11.0,'provider', 11.0,'general', 11.0,'enter', 11.0,'message', 10.0,'checkbox', 10.0,'extends', 10.0,'give', 10.0,'one', 10.0,'target', 10.0,'after', 10.0,'south', 10.0,'hide', 10.0,'products', 10.0,'volunteer', 10.0,'forms', 10.0,'change', 10.0,'method', 10.0,'resharper', 10.0,'check', 10.0,'box-shadow', 10.0,'google', 10.0,'private', 10.0,'right', 10.0,'tax-deductible', 10.0,'zip', 10.0,'participate', 10.0,'lever-slidedown', 9.0,'display', 9.0,'digital', 9.0,'lever-fadeout', 9.0,'while', 9.0,'february', 9.0,'additional', 9.0,'shimmer', 9.0,'shop', 9.0,'lever-slideup', 9.0,'fill', 9.0,'none', 9.0,'sign', 9.0,'toastfadein', 9.0,'normal', 9.0,'months', 9.0,'states', 9.0,'button', 9.0,'img', 9.0,'day', 9.0,'back', 9.0
count16,https://www.thewomenscenters.com/philadelphiawomenscenter/,25,'abortion', 575.0,'our', 346.0,'you', 247.0,'read', 235.0,'center', 196.0,'womenâs', 193.0,'request', 192.0,'solid', 164.0,'auto', 162.0,'more', 151.0,'care', 148.0,'your', 141.0,'appointment', 139.0,'medical', 131.0,'take', 108.0,'contact', 107.0,'action', 105.0,'financial', 105.0,'assistance', 103.0,'mailing', 97.0,'records', 95.0,'block', 94.0,'anomaly', 93.0,'kit', 92.0,'pregnancy', 91.0,'services', 89.0,'var', 89.0,'pill', 89.0,'this', 87.0,'options', 87.0,'new', 82.0,'procedures', 80.0,'medication', 80.0,'delaware', 80.0,'all', 78.0,'join', 77.0,'volunteer', 77.0,'vote', 76.0,'list', 75.0,'register', 74.0,'home', 73.0,'subscribe', 73.0,'control', 72.0,'blog', 72.0,'donate', 72.0,'engage', 70.0,'fetal', 70.0,'learn', 70.0,'requests', 69.0,'inquiries', 69.0,'brochure', 69.0,'job', 69.0,'openings', 69.0,'none', 69.0,'reproductive', 60.0,'please', 60.0,"""women's""", 53.0,'javascript', 53.0,'atlanta', 52.0,'form', 51.0,'can', 51.0,'womens', 50.0,'ensure', 50.0,'start', 49.0,'county', 49.0,'website', 48.0,'accessibility', 48.0,'background', 48.0,'legal', 47.0,'centers', 47.0,'enabled', 46.0,'menu', 46.0,"""'nf-field-'""", 46.0,'purposes', 46.0,'end', 46.0,'about', 43.0,'have', 43.0,'birth', 43.0,'south', 42.0,'field', 40.0,'mission', 40.0,'health', 39.0,'women', 38.0,'access', 37.0,'patient', 37.0,'decisions', 36.0,'not', 36.0,'call', 36.0,'hill', 36.0,'gyn', 35.0,'their', 35.0,'cherry', 35.0,'notification', 34.0,'click', 32.0,'since', 32.0,'submit', 31.0,'available', 30.0,'life', 30.0,'offered', 29.0,'after', 29.0,'proud', 29.0,'appointments', 28.0,'function', 28.0,'facebook-f', 26.0,'days', 26.0,'only', 26.0,'transparent', 26.0,'space', 26.0,'else', 26.0,'button', 26.0,'support', 25.0,'members', 25.0,'make', 25.0,'stories', 25.0,'who', 25.0,'twitter', 25.0,'render', 24.0,'must', 24.0,'effect', 24.0,'patients', 24.0,'screen', 24.0,'scheduling', 24.0,'rtafr', 23.0,'centerbirth', 23.0,'usdelaware', 23.0,'columns', 23.0,'auto-generated', 23.0,'inline', 23.0,'actionthank', 23.0,'actionpost', 23.0,'youvolunteer', 23.0,'centercontact', 23.0,'file', 23.0,'proceduresabout', 23.0,'content', 23.0,'optionsread', 23.0,'usappointmentsatlanta', 23.0,'remains', 23.0,'search', 23.0,'immediate', 23.0,'servicesfinancial', 23.0,'skip', 23.0,'inquiriesmedical', 23.0,'localize', 23.0,'centerdonateengagefetal', 23.0,'shadow', 23.0,'blogregister', 23.0,'storiesphiladelphia', 23.0,'centerpolitical', 23.0,'listtake', 23.0,'requestscherry', 23.0,'requestmedication', 23.0,'linkedin-in', 23.0,'instructionspregnancy', 23.0,'optionsbrochure', 23.0,"""'-'""", 23.0,'careers', 23.0,'missionparental', 23.0,'faq', 23.0,'instagram', 23.0,'pilloptionsour', 23.0,'abortionpre-procedure', 23.0,'votesubscribe', 23.0,'material', 23.0,'lawspatient', 23.0,'careabortion', 23.0,'scrollable', 23.0,'clinic', 22.0,'before', 22.0,'use', 22.0,'help', 22.0,'required', 21.0,'email', 20.0,'philadelphia', 20.0,'what', 20.0,'rights', 19.0,'laws', 19.0,'information', 19.0,'important', 19.0,'procedure', 19.0,'staff', 19.0,'work', 18.0,'provide', 18.0,'any', 18.0,'through', 18.0,'counseling', 17.0,'people', 17.0,'they', 17.0,'valid', 17.0,'enter', 17.0,'weeks', 17.0,'having', 16.0,'may', 16.0,'these', 16.0,'justice', 16.0,'validation', 16.0,'called', 16.0,'public', 15.0,'time', 15.0,'there', 15.0
count17,http://www.allentownwomenscenter.com/,25,'your', 6062.0,'you', 2961.0,'charity', 1530.0,'this', 1327.0,'giving', 1121.0,'paypal', 1050.0,'fundraiser', 1041.0,'enter', 985.0,'funds', 920.0,'fund', 883.0,'can', 845.0,'donation', 831.0,'please', 794.0,'our', 645.0,'abortion', 631.0,'not', 619.0,'donations', 612.0,'help', 598.0,'try', 591.0,'have', 551.0,'team', 541.0,'email', 532.0,'gofundme', 523.0,'more', 510.0,'about', 503.0,'bank', 500.0,'receive', 473.0,'services', 464.0,'share', 421.0,'new', 416.0,'account', 412.0,'make', 381.0,'information', 372.0,'days', 367.0,'all', 352.0,'fundraising', 350.0,'support', 340.0,'donors', 330.0,'any', 330.0,'people', 325.0,'their', 321.0,'may', 311.0,'tax', 310.0,'out', 293.0,'link', 292.0,'registered', 290.0,'raise', 290.0,'how', 281.0,'money', 281.0,'typically', 280.0,'enrolled', 280.0,'sure', 272.0,'raised', 271.0,'contact', 269.0,'function', 268.0,'been', 267.0,'other', 267.0,'select', 266.0,'before', 264.0,'made', 264.0,'number', 261.0,'would', 261.0,'after', 247.0,'within', 245.0,'donate', 244.0,'code', 240.0,'reach', 240.0,'clinic', 233.0,'need', 229.0,'online', 225.0,'who', 224.0,'valid', 221.0,'sent', 220.0,'couldnât', 220.0,'chosen', 220.0,'photo', 220.0,'transfer', 212.0,'only', 212.0,'get', 211.0,'via', 210.0,'use', 209.0,'must', 200.0,'pill', 198.0,'each', 195.0,'start', 193.0,'social', 192.0,'like', 192.0,'name', 190.0,'another', 190.0,'var', 185.0,'provide', 184.0,'first', 183.0,'agree', 181.0,'transaction', 180.0,'confirm', 180.0,'successfully', 180.0,'deductible', 180.0,'payment', 178.0,'info', 177.0,'what', 171.0,'grant', 171.0,'again', 170.0,'transfers', 170.0,'choose', 169.0,'next', 167.0,'youâre', 164.0,'want', 162.0,'problem', 161.0,'fundraisers', 160.0,'send', 160.0,'medical', 160.0,'ppgf', 160.0,'care', 153.0,'check', 152.0,'thank', 152.0,'page', 152.0,'receipt', 150.0,'amount', 150.0,'add', 150.0,'shorter', 150.0,'fee', 150.0,'appreciate', 150.0,'allentown', 142.0,'subject', 141.0,'able', 141.0,'canada', 140.0,'per', 140.0,'verified', 140.0,'charities', 140.0,'those', 138.0,'procedure', 137.0,'know', 137.0,'why', 134.0,'auto', 133.0,'than', 133.0,'they', 133.0,'sign', 132.0,"""women's""", 132.0,'them', 132.0,'keyvalue', 132.0,'unable', 131.0,'monthly', 131.0,'one', 131.0,'center', 131.0,'supporting', 130.0,'find', 130.0,'cannot', 130.0,'granted', 130.0,'australia', 130.0,'longer', 130.0,'update', 130.0,'see', 124.0,'options', 124.0,'someone', 124.0,'campaign', 124.0,'resources', 124.0,'birth', 123.0,'organizing', 122.0,'instagram', 122.0,'there', 121.0,'minutes', 121.0,'phone', 121.0,'video', 121.0,'reassigning', 120.0,'already', 120.0,'accept', 120.0,'could', 120.0,'verification', 120.0,'continue', 120.0,'card', 120.0,'friends', 120.0,'members', 116.0,'much', 116.0,'legal', 116.0,'pregnancy', 114.0,'last', 113.0,'fact', 113.0,'least', 112.0,'fees', 112.0,'end', 112.0,'public', 111.0,'still', 111.0,'ask', 110.0,'raising', 110.0,'zip', 110.0,'invite', 110.0,'debit', 110.0,'funding', 110.0,'others', 106.0,'health', 106.0,'beyond', 106.0,'most', 104.0,'goal', 104.0,'access', 104.0,'personal', 104.0,'financial', 102.0,'youâve', 102.0,'few', 102.0,'does', 102.0,'date', 100.0
count18,https://www.einstein.edu/obstetrics-and-gynecology/gynecology/family-planning,25,'einstein', 2051.0,'center', 886.0,'surgery', 779.0,'our', 667.0,'medical', 601.0,'locations', 565.0,'care', 526.0,'medicine', 499.0,'specialists', 416.0,'health', 412.0,'cancer', 411.0,'you', 394.0,'disease', 388.0,'physicians', 386.0,'services', 355.0,'philadelphia', 352.0,'associates', 343.0,'elkins', 319.0,'your', 316.0,'healthcare', 307.0,'montgomery', 266.0,'pediatrics', 265.0,'park', 258.0,'education', 257.0,'patient', 237.0,'heart', 235.0,'var', 225.0,'family', 205.0,'liver', 205.0,'treatment', 194.0,'training', 191.0,'any', 181.0,'information', 178.0,'program', 176.0,'bariatric', 175.0,'view', 173.0,'transplant', 171.0,'rehabilitation', 171.0,'conditions', 170.0,'network', 169.0,'programs', 156.0,'pediatric', 148.0,'klein', 143.0,'kidney', 142.0,'use', 140.0,'building', 140.0,"""women's""", 140.0,'treatments', 140.0,'breast', 135.0,'vascular', 133.0,'not', 133.0,'map', 132.0,'new', 127.0,'appointment', 127.0,'about', 125.0,'privacy', 124.0,'request', 117.0,'support', 117.0,'physician', 115.0,'oncology', 113.0,'patients', 112.0,'pain', 112.0,'holland', 112.0,'physical', 111.0,'options', 111.0,'cardiology', 110.0,'staff', 110.0,'loss', 109.0,'reconstruction', 109.0,'team', 107.0,'nursing', 107.0,'road', 107.0,'safety', 101.0,'disorders', 101.0,'what', 100.0,'function', 97.0,'radiology', 97.0,'assistance', 96.0,'therapy', 96.0,'germantown', 95.0,'orthopedics', 94.0,'find', 93.0,'this', 90.0,'endocrinology', 90.0,'notice', 90.0,'management', 89.0,'all', 89.0,'service', 89.0,'access', 89.0,'research', 88.0,'other', 87.0,'urology', 86.0,'dental', 85.0,'willowcrest', 85.0,'primary', 84.0,'one', 83.0,'events', 83.0,'policies', 82.0,'geriatric', 82.0,'transplantation', 81.0,'specialties', 81.0,'online', 81.0,'outpatient', 80.0,'practice', 80.0,'critical', 79.0,'contact', 78.0,'york', 77.0,'classes', 77.0,'line', 76.0,'emergency', 75.0,'township', 75.0,'have', 75.0,'news', 75.0,'weight', 74.0,'community', 74.0,'injury', 73.0,'more', 73.0,'neurology', 73.0,'faqs', 73.0,'house', 73.0,'details', 73.0,'centers', 72.0,'mossrehab', 72.0,'adolescent', 71.0,'careers', 71.0,'urologic', 70.0,'cartogram', 70.0,'disorder', 70.0,'anesthesiology', 70.0,'nurse', 70.0,'general', 69.0,'public', 69.0,'gynecology', 68.0,'may', 68.0,'solid', 67.0,'spine', 66.0,'rehab', 66.0,'after', 65.0,'terms', 65.0,'these', 65.0,'search', 64.0,'ophthalmology', 64.0,'mental', 64.0,'institute', 64.0,'hepatitis', 64.0,'parking', 63.0,'meet', 63.0,'clinical', 63.0,'doctors', 63.0,'campus', 62.0,'directions', 61.0,'home', 61.0,'else', 60.0,'pancreas', 59.0,'clinic', 58.0,'resources', 58.0,'endoscopy', 57.0,'cardiothoracic', 57.0,'library', 57.0,'pregnancy', 57.0,'bring', 56.0,'healthy', 56.0,'bustleton', 56.0,'nephrology', 56.0,'interventional', 56.0,'right', 56.0,'moss', 56.0,'visitors', 55.0,'top', 55.0,'portal', 55.0,'obstetrics', 54.0,'visit', 54.0,'diseases', 54.0,'learn', 54.0,'can', 53.0,'doctor', 53.0,'collegeville', 52.0,'brain', 52.0,'infectious', 51.0,'radiation', 51.0,'bill', 51.0,'virtual', 51.0,'visiting', 51.0,'stories', 51.0,'suite', 51.0,'pelvic', 50.0,'sleep', 50.0,'colon', 50.0,'pay', 50.0,'multiple', 50.0,'policy', 50.0,'make', 49.0,'braemer', 49.0,'invasive', 48.0,'book', 48.0,'minimally', 48.0,'trials', 48.0,'mammography', 48.0,'stroke', 47.0,'only', 47.0
