,index,Total
0,'',16.0
1,'addeventlistener',16.0
2,'at',8.0
3,'google,9.0
4,'load',16.0
5,'ltr',40.0
6,'mute',3.0
7,'netscape',1.0
8,'of',16.0
9,'open,480.0
10,'product,3.0
11,'px',1.0
12,'removeeventlistener',16.0
13,'table',2.0
14,'text,40.0
15,'undefined',2.0
16,'use,6.0
17,---,4.0
18,-webkit-transform,96.0
19,[state],1.0
20,\/,8.0
21,abandons,1.0
22,abba,38.0
23,abba’s,2.0
24,abide,2.0
25,ability,1.0
26,able,5.0
27,abnormal,5.0
28,abort,1.0
29,abortifacient,3.0
30,aborting,1.0
31,abortion,320.0
32,abortioncommunity,1.0
33,abortions,6.0
34,abortionwebsite,1.0
35,abound,1.0
36,about,177.0
37,above,4.0
38,absence,1.0
39,abused,2.0
40,academy,9.0
41,accept,1.0
42,acceptable,1.0
43,access,9.0
44,accessed,3.0
45,accessible,2.0
46,accessing,4.0
47,accommodate,2.0
48,accomplish,1.0
49,accomplished,2.0
50,according,24.0
51,account,6.0
52,accountability,2.0
53,accounting,1.0
54,accounts,1.0
55,accuracy,8.0
56,accurate,8.0
57,aceh,1.0
58,acetate,6.0
59,acknowledge,6.0
60,acknowledges,1.0
61,across,1.0
62,action,2.0
63,active,3.0
64,activities,2.0
65,actually,3.0
66,ad,10.0
67,add,16.0
68,added,4.0
69,addition,1.0
70,additional,6.0
71,address,39.0
72,adhere,1.0
73,adjust,2.0
74,adjustment,1.0
75,adjustments,2.0
76,administer,1.0
77,admit,2.0
78,adoption,112.0
79,adoptive,5.0
80,adrenaline,3.0
81,ads,3.0
82,adult,4.0
83,advance,2.0
84,advanced,1.0
85,advancement,1.0
86,advantage,2.0
87,adverse,1.0
88,advice,3.0
89,advise,1.0
90,advised,2.0
91,advocate,5.0
92,advocates,29.0
93,affect,1.0
94,affected,3.0
95,affiliate,2.0
96,affiliated,1.0
97,affiliates,5.0
98,afford,3.0
99,affording,1.0
100,african,5.0
101,after,26.0
102,again,2.0
103,against,3.0
104,agape,1.0
105,age,6.0
106,aged,1.0
107,agencies,2.0
108,agency,3.0
109,agents,2.0
110,agree,7.0
111,agreement,2.0
112,aimee,4.0
113,al,2.0
114,alabama,1.0
115,alan,2.0
116,alaska,1.0
117,alcohol,1.0
118,all,410.0
119,allow,9.0
120,allowing,2.0
121,allows,1.0
122,along,14.0
123,alongside,1.0
124,already,6.0
125,also,22.0
126,altavista,1.0
127,alter,1.0
128,alternative,4.0
129,although,2.0
130,always,25.0
131,am,50.0
132,amatuers,1.0
133,ambivalent,1.0
134,amend,1.0
135,america,4.0
136,american,4.0
137,americans,1.0
138,amidst,1.0
139,among,1.0
140,amount,2.0
141,analysis,2.0
142,and/or,18.0
143,anders,1.0
144,angeles,1.0
145,angrily,1.0
146,animal,1.0
147,annals,1.0
148,annoying,1.0
149,annual,2.0
150,anonymous,1.0
151,another,22.0
152,answer,5.0
153,answers,7.0
154,antarctic,1.0
155,antibiotics,1.0
156,antiprogestins,1.0
157,anxiety,2.0
158,anxious,2.0
159,any,63.0
160,anybody,1.0
161,anyone,5.0
162,anything,2.0
163,anytime,1.0
164,anywhere,1.0
165,apartment,1.0
166,appear,1.0
167,applies,2.0
168,appointment,53.0
169,appointments,4.0
170,approach,2.0
171,appropriate,2.0
172,appropriateness,1.0
173,approved,1.0
174,april,9.0
175,arab,5.0
176,archheight,1.0
177,area,2.0
178,aren't,1.0
179,arise,2.0
180,arizona,1.0
181,arkansas,1.0
182,armed,3.0
183,arms,1.0
184,around,6.0
185,arrange,21.0
186,arrow,2.0
187,arrows,1.0
188,art,2.0
189,arthur,2.0
190,article,2.0
191,articles,2.0
192,artists,1.0
193,arts,1.0
194,asian,1.0
195,ask,11.0
196,asked,3.0
197,asks,2.0
198,aspect,3.0
199,aspiration,1.0
200,assessing,1.0
201,assessment,1.0
202,assist,2.0
203,assistance,3.0
204,associated,4.0
205,association,1.0
206,associations,1.0
207,assume,4.0
208,assumes,1.0
209,assuming,1.0
210,assumption,1.0
211,assure,1.0
212,astra,20.0
213,attaches,2.0
214,attempt,1.0
215,attempts,2.0
216,attend,1.0
217,attorneys,2.0
218,attorneys’,1.0
219,attractions,1.0
220,audience,1.0
221,audiences,1.0
222,audio,1.0
223,aug,1.0
224,august,1.0
225,author,16.0
226,authorities,2.0
227,authority,2.0
228,authorization,1.0
229,authorized,1.0
230,auto,253.0
231,auto-generated,20.0
232,automotive,1.0
233,available,32.0
234,ave,14.0
235,avenue,20.0
236,average,2.0
237,avoid,2.0
238,avoiding,1.0
239,award,1.0
240,aware,1.0
241,awareness,3.0
242,away,3.0
243,az,3.0
244,babies,4.0
245,baby,12.0
246,baby’s,1.0
247,back,11.0
248,background,16.0
249,background-color,32.0
250,bacteria,1.0
251,bad,1.0
252,baptist,2.0
253,barat,3.0
254,barbara,1.0
255,barbers,1.0
256,barged,1.0
257,bars,1.0
258,base,2.0
259,based,4.0
260,basically,1.0
261,bate,1.0
262,bath,1.0
263,bathfour,1.0
264,bathwhat's,1.0
265,baton,1.0
266,bay,1.0
267,bbq,1.0
268,beach,2.0
269,beat,1.0
270,beating,1.0
271,beautiful,1.0
272,beauty,2.0
273,because,32.0
274,become,8.0
275,becomes,1.0
276,becoming,3.0
277,bed,1.0
278,been,50.0
279,before,22.0
280,begin,4.0
281,behavior,1.0
282,being,4.0
283,beliefs,2.0
284,believe,5.0
285,below,18.0
286,bend,2.0
287,benefit,1.0
288,best,19.0
289,bet,1.0
290,better,9.0
291,between,2.0
292,beverly,1.0
293,bi,2.0
294,bible,1.0
295,biddeford,1.0
296,big,10.0
297,bigger,1.0
298,bill,1.0
299,birds,1.0
300,birth,25.0
301,birthmother,1.0
302,bit,3.0
303,black,3.0
304,blank,1.0
305,bleeding,3.0
306,blessed,1.0
307,blessing,2.0
308,blind,1.0
309,bloating,1.0
310,blocking,1.0
311,blockquote,148.0
312,blocks,1.0
313,blog,36.0
314,blogs,80.0
315,blonde,1.0
316,blood,1.0
317,blossom,1.0
318,blue,1.0
319,blye,1.0
320,blythe,1.0
321,bodies,1.0
322,body,22.0
323,bonny,1.0
324,book,8.0
325,booking,17.0
326,bookly,16.0
327,books,1.0
328,bookstore,3.0
329,border,16.0
330,both,9.0
331,bother,1.0
332,bottles,1.0
333,bought,2.0
334,bounce,2.0
335,bound,1.0
336,boundaries,2.0
337,bowdoin,1.0
338,box,1.0
339,boxes,2.0
340,boyfriend,2.0
341,br,1.0
342,brand,2.0
343,brands,1.0
344,brattleboro,1.0
345,brave,1.0
346,breaches,3.0
347,breast,1.0
348,breasts,2.0
349,breeze,1.0
350,bridgton,1.0
351,bring,4.0
352,browse,6.0
353,browser,4.0
354,bruceton,1.0
355,brush,1.0
356,bua,1.0
357,bubble,1.0
358,buccal,1.0
359,buddy,1.0
360,buddys,1.0
361,build,2.0
362,building,3.0
363,buildings,2.0
364,built,3.0
365,business,9.0
366,businesses,3.0
367,busy,1.0
368,but,37.0
369,button,1.0
370,buttons,1.0
371,buy,2.0
372,buying,3.0
373,ca,10.0
374,cafehope,2.0
375,caicos,5.0
376,calculation,3.0
377,calendar,1.0
378,california,3.0
379,call,51.0
380,called,4.0
381,calling,2.0
382,calls,3.0
383,calmly,1.0
384,calmness,1.0
385,came,2.0
386,campaign,2.0
387,campaigns,2.0
388,campus,2.0
389,can,114.0
390,can't,2.0
391,canal,1.0
392,cannot,5.0
393,can’t,3.0
394,capable,1.0
395,capacity,1.0
396,cape,1.0
397,capital,2.0
398,captcha,3.0
399,capture,2.0
400,car,2.0
401,card,2.0
402,care,21.0
403,carefully,1.0
404,caring,6.0
405,carolina,2.0
406,carpet,1.0
407,carried,1.0
408,carry,2.0
409,carshare,1.0
410,cascade,1.0
411,casco,1.0
412,case,2.0
413,catch,1.0
414,category,1.0
415,caught,1.0
416,causal,1.0
417,cause,5.0
418,caused,4.0
419,causes,4.0
420,causing,1.0
421,ceased,1.0
422,celebrate,1.0
423,celebrations,1.0
424,celina,1.0
425,censor,2.0
426,censorship,1.0
427,center,208.0
428,centerhope,2.0
429,centers,16.0
430,centers–,1.0
431,center’s,8.0
432,center“definitely,1.0
433,central,5.0
434,certain,4.0
435,certified,5.0
436,cervix,1.0
437,cha,1.0
438,challenges,2.0
439,challenging,2.0
440,chance,5.0
441,chances,1.0
442,change,6.0
443,changed,3.0
444,changes,7.0
445,changing,1.0
446,chaos,1.0
447,character-based,1.0
448,characters,3.0
449,charge,1.0
450,charlotte,2.0
451,chat,5.0
452,check,19.0
453,check-out,1.0
454,checked,1.0
455,checking,2.0
456,checklist,1.0
457,chemical,1.0
458,cheverus,1.0
459,chicago,2.0
460,chicago-kent,2.0
461,child,11.0
462,child-friendly,1.0
463,childdiv,2.0
464,children,1.0
465,child’s,1.0
466,chill,1.0
467,chloride,1.0
468,choice,297.0
469,choices,6.0
470,choose,28.0
471,chooses,1.0
472,choosing,2.0
473,chosen,2.0
474,christ,1.0
475,christian,5.0
476,christina,2.0
477,christopher,1.0
478,christopher-stanley,1.0
479,church,1.0
480,circulating,1.0
481,circumstances,2.0
482,circumvent,1.0
483,citations,1.0
484,cities,3.0
485,city,3.0
486,claimed,3.0
487,claims,2.0
488,clarissa,1.0
489,class,1.0
490,classes,4.0
491,clean,2.0
492,cleaning,1.0
493,clear,1.0
494,clearly,3.0
495,click,1.0
496,clicking,2.0
497,client,35.0
498,clients,4.0
499,clinic,8.0
500,clinical,1.0
501,close,2.0
502,closed,21.0
503,closer,2.0
504,closes,75.0
505,club,1.0
506,clubs,3.0
507,co,2.0
508,co-workers,1.0
509,coal,1.0
510,coast,2.0
511,coastal,2.0
512,cock,1.0
513,code,1.0
514,codes,20.0
515,coffeyville,1.0
516,cohort,1.0
517,collect,2.0
518,collected,2.0
519,collection,2.0
520,collects,3.0
521,college,15.0
522,colleges,1.0
523,color,112.0
524,colorado,2.0
525,columbia,1.0
526,combination,1.0
527,come,6.0
528,comes,7.0
529,comfort,18.0
530,comfortable,1.0
531,coming,3.0
532,comments,1.0
533,commerce,1.0
534,commercial,1.0
535,commitment,3.0
536,committed,3.0
537,common,11.0
538,commonly,4.0
539,communicate,1.0
540,communication,6.0
541,communications,1.0
542,community,8.0
543,companies,1.0
544,compare,1.0
545,compared,1.0
546,compassionate,3.0
547,compete,1.0
548,competition,1.0
549,competitive,1.0
550,complete,9.0
551,completely,4.0
552,completeness,1.0
553,complexes,1.0
554,complicated,1.0
555,complication-factor,1.0
556,complications,5.0
557,complies,20.0
558,compliments,1.0
559,components,1.0
560,comprehensive,7.0
561,compromise,1.0
562,computer,6.0
563,computers,1.0
564,concentrations,1.0
565,conception,4.0
566,concern,1.0
567,concerning,1.0
568,concerns,2.0
569,concise,1.0
570,conclusive,1.0
571,condition,1.0
572,conditions,10.0
573,condom,2.0
574,condoms,1.0
575,confide,17.0
576,confidence,2.0
577,confident,1.0
578,confidential,123.0
579,confidentiality,3.0
580,confidential—know,1.0
581,confirm,10.0
582,confirmation,3.0
583,confirming,1.0
584,connect,1.0
585,connected,1.0
586,connecticut,1.0
587,connection,1.0
588,cons,1.0
589,consent,2.0
590,consequences,1.0
591,consequential,1.0
592,consider,9.0
593,considered,2.0
594,considering,21.0
595,consistently,1.0
596,const,3.0
597,construction,3.0
598,consult,1.0
599,consultation,12.0
600,consultations,4.0
601,consume,1.0
602,contact,153.0
603,contacted,2.0
604,contacting,1.0
605,contained,4.0
606,containing,1.0
607,content,38.0
608,contents,1.0
609,contextmenu,3.0
610,continue,7.0
611,continues,2.0
612,continuing,2.0
613,contraception,32.0
614,contract,3.0
615,contracting,1.0
616,contractors,1.0
617,control,6.0
618,convenience,1.0
619,conversations,2.0
620,conversion,2.0
621,conversions,1.0
622,conversions-focused,1.0
623,convert,1.0
624,convinced,2.0
625,cookie,3.0
626,cookies,11.0
627,cool,1.0
628,cooling,2.0
629,copies,1.0
630,copy,1.0
631,copyright,54.0
632,copyrighted,2.0
633,copyrights,1.0
634,coronavirus,1.0
635,correct,16.0
636,correlation,2.0
637,cost,28.0
638,cost-per-click,1.0
639,costly,1.0
640,costs,3.0
641,cougle,1.0
642,could,28.0
643,could't,1.0
644,couldn't,1.0
645,couldn’t,1.0
646,counsel,1.0
647,counseling,7.0
648,counselors,1.0
649,countless,1.0
650,countries,1.0
651,country,1.0
652,county,3.0
653,couple,5.0
654,couples,3.0
655,courage,1.0
656,course,1.0
657,courses,6.0
658,covers,1.0
659,cpa,2.0
660,cramping,2.0
661,cream,1.0
662,create,3.0
663,created,24.0
664,creates,2.0
665,creating,1.0
666,creation,3.0
667,credible,1.0
668,credit,2.0
669,crisis,1.0
670,criteria,1.0
671,critical,2.0
672,cross,2.0
673,crows,1.0
674,cruz,1.0
675,css,20.0
676,ct,1.0
677,culture,2.0
678,cultures,1.0
679,cumberland,7.0
680,cured,1.0
681,curettage,1.0
682,current,2.0
683,currently,1.0
684,curtain,1.0
685,curve,1.0
686,custom,1.0
687,cut,1.0
688,cycle,2.0
689,da,3.0
690,dakota,2.0
691,dalton,1.0
692,damage,1.0
693,damages,4.0
694,danger,1.0
695,dangerous,2.0
696,daniel,16.0
697,danses,1.0
698,das,1.0
699,data,4.0
700,data-driven,1.0
701,date,3.0
702,dates,6.0
703,dating,3.0
704,david,2.0
705,day,5.0
706,day-to-day,1.0
707,daylight,3.0
708,days,9.0
709,dayton,1.0
710,daytona,1.0
711,de,12.0
712,deactivate,1.0
713,deactivating,3.0
714,dead,3.0
715,deal,2.0
716,dealers,1.0
717,dealing,1.0
718,dec,1.0
719,decatur,2.0
720,decency,1.0
721,decide,6.0
722,decision,25.0
723,decision-making,2.0
724,decisioncall,1.0
725,decisions,6.0
726,decision…,1.0
727,declare,1.0
728,decor,1.0
729,decorum,1.0
730,decrease,1.0
731,deem,2.0
732,deemed,1.0
733,deep,2.0
734,deering,1.0
735,defeat,1.0
736,defects,1.0
737,defending,1.0
738,defined,1.0
739,defines,1.0
740,defining,1.0
741,definitely,1.0
742,degrees,1.0
743,dehli,1.0
744,del,14.0
745,delaware,1.0
746,delaying,1.0
747,delete,2.0
748,deleting,1.0
749,delgado,1.0
750,delivery,1.0
751,demand,1.0
752,demo,1.0
753,democratic,1.0
754,demonstration,1.0
755,denham,1.0
756,department,1.0
757,departments,1.0
758,depend,1.0
759,depending,2.0
760,depends,2.0
761,depression,1.0
762,deserve,4.0
763,design,16.0
764,designcontacts,1.0
765,designed,6.0
766,desk,1.0
767,despite,1.0
768,detailing,1.0
769,details,6.0
770,detect,1.0
771,determine,9.0
772,determined,2.0
773,determines,2.0
774,develop,1.0
775,device,3.0
776,di,1.0
777,diagnose,1.0
778,diagnosis,1.0
779,dick,1.0
780,did,1.0
781,didn't,5.0
782,difference,2.0
783,different,2.0
784,difficult,2.0
785,difficulties,2.0
786,difficulty,2.0
787,digestive,2.0
788,digital,5.0
789,dilation,3.0
790,dining,1.0
791,direct,3.0
792,directed,1.0
793,directions,16.0
794,directly,1.0
795,directory,2.0
796,disability,1.0
797,disclaim,1.0
798,disclaimer,16.0
799,disclaims,2.0
800,disclosed,1.0
801,discomforts,1.0
802,discontinued,1.0
803,discover,1.0
804,discovering,1.0
805,discreet,2.0
806,discrimination,1.0
807,discuss,2.0
808,discussed,2.0
809,discussing,1.0
810,disease,4.0
811,diseases,1.0
812,display,64.0
813,distaste,1.0
814,distinct,1.0
815,distractions,1.0
816,distributed,3.0
817,district,1.0
818,disturbing,1.0
819,divi,48.0
820,divided,1.0
821,do,75.0
822,doc,16.0
823,doctor,3.0
824,doctors,2.0
825,documentary,1.0
826,documents,4.0
827,does,28.0
828,doesn't,6.0
829,doesn’t,2.0
830,dog,1.0
831,doing,2.0
832,dominatrix,1.0
833,dominic,1.0
834,don't,14.0
835,donate,18.0
836,donations,5.0
837,done,33.0
838,donor,1.0
839,don’t,5.0
840,doubt,1.0
841,douro,1.0
842,down,6.0
843,download,4.0
844,downloaded,1.0
845,downriver,1.0
846,dr,24.0
847,dramatic,1.0
848,dramatically,1.0
849,dread,1.0
850,dreading,1.0
851,dreams,2.0
852,dresden,1.0
853,dressing,2.0
854,drive,1.0
855,drives,1.0
856,driving,1.0
857,drop,1.0
858,drug,17.0
859,drugs,2.0
860,dry,1.0
861,due,2.0
862,dump,1.0
863,during,12.0
864,dvd,1.0
865,dying,1.0
866,dysfunction,1.0
867,each,14.0
868,eagle,1.0
869,ear,2.0
870,earlier,1.0
871,early,11.0
872,early-pregnancy,1.0
873,earmuffs,1.0
874,earn,3.0
875,earned,1.0
876,earning,1.0
877,ease,39.0
878,easier,1.0
879,east,2.0
880,easy,1.0
881,eating,2.0
882,echoes,2.0
883,ectopic,4.0
884,eden,16.0
885,edit,1.0
886,education,11.0
887,educational,18.0
888,edward,4.0
889,effect,3.0
890,effective,1.0
891,effects,7.0
892,effort,1.0
893,efforts,1.0
894,egg,3.0
895,either,3.0
896,elective,1.0
897,electrical,2.0
898,electronic,2.0
899,electronics,3.0
900,elegant,16.0
901,elementary,1.0
902,elementdefndiv,2.0
903,elementor,100.0
904,elementorfrontendconfig,20.0
905,elementorprofrontendconfig,20.0
906,elevated,2.0
907,elgin,1.0
908,eligibility,1.0
909,eliminated,3.0
910,elizabeth,3.0
911,ella-,5.0
912,ella-ulipristal,1.0
913,ella®,2.0
914,elm,1.0
915,else,24.0
916,email,42.0
917,embryo,2.0
918,emerge,1.0
919,emergency,34.0
920,emergency…,1.0
921,emmetsburg,1.0
922,emotional,3.0
923,emotions,1.0
924,emphasizes,1.0
925,empirical,1.0
926,empower,3.0
927,empowered,3.0
928,empowering,1.0
929,empowers,3.0
930,empty,3.0
931,en,1.0
932,enable,4.0
933,enabled,1.0
934,encoder,16.0
935,encourage,1.0
936,encouraged,2.0
937,encouragement,1.0
938,encryption,2.0
939,end,4.0
940,ended,1.0
941,endorsement,2.0
942,endowment,2.0
943,ends,2.0
944,endured,1.0
945,enemy,1.0
946,energy,3.0
947,engine,3.0
948,england,3.0
949,english,1.0
950,enhance,5.0
951,enjoyed,1.0
952,enjoying,3.0
953,enough,5.0
954,ensure,5.0
955,ensures,2.0
956,entered,32.0
957,entertainment,1.0
958,enthusiasm,1.0
959,entirely,1.0
960,entity,1.0
961,environment,3.0
962,equip,3.0
963,equipment,1.0
964,error,3.0
965,escaped,1.0
966,español,1.0
967,especially,4.0
968,essentially,1.0
969,estate,2.0
970,estimate,1.0
971,estimates,22.0
972,et,2.0
973,ethical,1.0
974,ethics,4.0
975,eureka,1.0
976,european,2.0
977,eustatius,4.0
978,evaluate,2.0
979,evaluation,1.0
980,even,19.0
981,event,2.0
982,events,17.0
983,ever,6.0
984,every,26.0
985,everyone,2.0
986,everything,5.0
987,everywhere,1.0
988,evidence,1.0
989,exactly,1.0
990,exam,2.0
991,examestimation,1.0
992,exceed,1.0
993,excel,1.0
994,excellence,1.0
995,exception,1.0
996,exchange,1.0
997,excited,1.0
998,exciting,2.0
999,exclude,1.0
1000,expanding,1.0
1001,expect,6.0
1002,expectant,1.0
1003,expel,2.0
1004,experience,25.0
1005,experienced,1.0
1006,experiences,1.0
1007,experiencing,5.0
1008,experts,2.0
1009,expiration,1.0
1010,exploration,1.0
1011,explore,3.0
1012,exposure,1.0
1013,express,3.0
1014,expressed,2.0
1015,expressly,3.0
1016,extended,1.0
1017,external,5.0
1018,extic,1.0
1019,extra,1.0
1020,extreme,1.0
1021,extremely,4.0
1022,face,3.0
1023,face-to-face,1.0
1024,facebook,51.0
1025,faced,3.0
1026,facilitate,2.0
1027,facilitating,1.0
1028,facilitation,1.0
1029,facing,15.0
1030,fact,2.0
1031,factors,1.0
1032,facts,3.0
1033,factual,2.0
1034,fade,2.0
1035,faith,1.0
1036,faith-based,1.0
1037,fallopian,1.0
1038,falmouth,1.0
1039,false,7.0
1040,families,8.0
1041,family,8.0
1042,family's,1.0
1043,far,13.0
1044,farther,1.0
1045,fast-declining,1.0
1046,fatherhood,1.0
1047,fda,1.0
1048,fear,9.0
1049,fears,3.0
1050,featured,2.0
1051,features,2.0
1052,federated,1.0
1053,federation,2.0
1054,feel,22.0
1055,feeling,14.0
1056,feelings,2.0
1057,felt,39.0
1058,female,4.0
1059,females,1.0
1060,fencing,1.0
1061,fertilization,2.0
1062,fertilized,3.0
1063,fetal,12.0
1064,fetus,2.0
1065,few,8.0
1066,field,6.0
1067,fields,19.0
1068,figcaption,20.0
1069,fight,1.0
1070,figure,1.0
1071,figured,1.0
1072,file,30.0
1073,files,3.0
1074,fill,17.0
1075,final,3.0
1076,finally,1.0
1077,finance,1.0
1078,financial,36.0
1079,financially,1.0
1080,find,43.0
1081,finding,1.0
1082,fire,1.0
1083,first,171.0
1084,first-morning,1.0
1085,first-trimester,1.0
1086,fists,1.0
1087,fit,6.0
1088,fitness,1.0
1089,five,1.0
1090,fix,32.0
1091,fjordane,1.0
1092,fjs,1.0
1093,fl,3.0
1094,flapping,1.0
1095,flash,2.0
1096,flat,1.0
1097,floor,21.0
1098,flora,1.0
1099,florida,3.0
1100,fluctuating,1.0
1101,focus,1.0
1102,focused,2.0
1103,follow,3.0
1104,following,59.0
1105,food,14.0
1106,forces,3.0
1107,forego,1.0
1108,forest,46.0
1109,forgive,1.0
1110,forgiven,2.0
1111,fork,1.0
1112,form,28.0
1113,formal,1.0
1114,former,1.0
1115,forth,5.0
1116,forum,6.0
1117,forums,3.0
1118,forward,1.0
1119,found,3.0
1120,foundation,1.0
1121,foundational,1.0
1122,founded,1.0
1123,four,1.0
1124,fourth,1.0
1125,fragile,1.0
1126,francisco,1.0
1127,frank,2.0
1128,free,164.0
1129,freedom,1.0
1130,freely,1.0
1131,frequently,1.0
1132,fresh,1.0
1133,friend,1.0
1134,friends,1.0
1135,friendships,1.0
1136,fuck,8.0
1137,fucking,2.0
1138,fucks,1.0
1139,fulfilling,1.0
1140,full,6.0
1141,fully,6.0
1142,fully-informed,4.0
1143,fun,2.0
1144,function,46.0
1145,funded,1.0
1146,fundraising,1.0
1147,funds,2.0
1148,furnishings,1.0
1149,furniture,1.0
1150,further,2.0
1151,future,7.0
1152,ga,2.0
1153,gain,2.0
1154,garden,13.0
1155,gas,1.0
1156,gel,2.0
1157,gender,1.0
1158,general,24.0
1159,generalized,1.0
1160,generosity,1.0
1161,genital,3.0
1162,gentle,1.0
1163,georgia,2.0
1164,gestational,4.0
1165,get,69.0
1166,getchell,2.0
1167,getting,7.0
1168,girl,2.0
1169,girlfriend,1.0
1170,girls,9.0
1171,give,15.0
1172,given,23.0
1173,gives,2.0
1174,giving,1.0
1175,glanced,1.0
1176,global,1.0
1177,gloss,1.0
1178,gloucester,1.0
1179,gnaw,1.0
1180,gnu,16.0
1181,go,10.0
1182,god,3.0
1183,going,8.0
1184,golf,1.0
1185,gone,2.0
1186,gonorrhea,1.0
1187,goo-goo,1.0
1188,good,13.0
1189,goods-,1.0
1190,google,12.0
1191,gorham,1.0
1192,got,7.0
1193,governed,1.0
1194,government,1.0
1195,grabbed,1.0
1196,graduating,1.0
1197,grand,1.0
1198,grande,2.0
1199,grants,2.0
1200,grantswe,1.0
1201,gray-new,1.0
1202,graze,1.0
1203,great,3.0
1204,greater,5.0
1205,greater-than-normal,1.0
1206,greatest,1.0
1207,greatly,1.0
1208,greely,1.0
1209,grosso,1.0
1210,group,2.0
1211,groups,1.0
1212,grow,3.0
1213,growing,2.0
1214,grown,2.0
1215,guarantee,5.0
1216,guessed,1.0
1217,guide,2.0
1218,guilt,1.0
1219,guys,20.0
1220,guysan,2.0
1221,gynecol,1.0
1222,gynecologists,1.0
1223,gynecology,1.0
1224,hacking,1.0
1225,had,50.0
1226,hadn't,17.0
1227,hadn’t,1.0
1228,hair,1.0
1229,half,2.0
1230,hampshire,1.0
1231,hand,1.0
1232,hand-held,2.0
1233,handful,1.0
1234,handle,3.0
1235,handled,1.0
1236,handling,1.0
1237,hang,1.0
1238,happen,1.0
1239,happened,1.0
1240,happens,2.0
1241,happy,3.0
1242,happylocalize,20.0
1243,hard,6.0
1244,harmless,2.0
1245,hatton,1.0
1246,have,149.0
1247,haven't,1.0
1248,having,5.0
1249,hawaii,1.0
1250,hcg,4.0
1251,healing,86.0
1252,health,54.0
1253,healthcare,2.0
1254,healthhope,2.0
1255,healthy,10.0
1256,hear,3.0
1257,heard,2.0
1258,heart,3.0
1259,heartbeat,5.0
1260,heavy,19.0
1261,held,1.0
1262,hell,1.0
1263,help,56.0
1264,helped,2.0
1265,helpful,7.0
1266,helping,1.0
1267,helpless,1.0
1268,helps,3.0
1269,help…,1.0
1270,hepatitis,2.0
1271,her,5.0
1272,herbal,2.0
1273,here,33.0
1274,hereto,2.0
1275,hesitate,2.0
1276,hidden,16.0
1277,high,32.0
1278,high-frequency,2.0
1279,high-risk,1.0
1280,higher,2.0
1281,higher-converting,1.0
1282,highest,1.0
1283,highlighted,1.0
1284,highlights,2.0
1285,highly,1.0
1286,hijacking,1.0
1287,him,1.0
1288,hipaa,1.0
1289,his,2.0
1290,history,1.0
1291,hit,1.0
1292,hiv,2.0
1293,hold,3.0
1294,holds,1.0
1295,holiday,2.0
1296,holidays,2.0
1297,holidaysbaby,2.0
1298,holistic,1.0
1299,home,31.0
1300,homeproductsseogooglewebsitescase,1.0
1301,homestead,3.0
1302,homestead,1.0
1303,honest,2.0
1304,hong,1.0
1305,hood,1.0
1306,hope,2.0
1307,hormonal,1.0
1308,hormone,10.0
1309,hormones,1.0
1310,horny,8.0
1311,hosted,1.0
1312,hosting,1.0
1313,hostingneed,1.0
1314,hot,3.0
1315,hotels,1.0
1316,hotest,1.0
1317,hotline,1.0
1318,hours,39.0
1319,house,6.0
1320,housewife,2.0
1321,houston,1.0
1322,how,74.0
1323,html,16.0
1324,huge,2.0
1325,hum,1.0
1326,human,7.0
1327,hundreds,1.0
1328,i'd,1.0
1329,i'm,2.0
1330,i've,1.0
1331,ibid,1.0
1332,ice,1.0
1333,icon,16.0
1334,icons,16.0
1335,id,16.0
1336,idaho,1.0
1337,idea,6.0
1338,identify,2.0
1339,identifying,1.0
1340,identity,1.0
1341,if,233.0
1342,ignorance,1.0
1343,ignore,1.0
1344,iit,2.0
1345,illegal,2.0
1346,illinois,3.0
1347,images,2.0
1348,imaginary,1.0
1349,imaging,4.0
1350,img,20.0
1351,immediate,6.0
1352,immediately,2.0
1353,impact,3.0
1354,impacts,2.0
1355,implanting,1.0
1356,implants,2.0
1357,implied,3.0
1358,important,10.0
1359,impossibility,1.0
1360,impossible,1.0
1361,impressed,17.0
1362,impression,1.0
1363,improve,4.0
1364,improving,1.0
1365,in-clinic,2.0
1366,inability,2.0
1367,inappropriate,1.0
1368,inc,1.0
1369,incidental,1.0
1370,include,11.0
1371,including,9.0
1372,incomplete,1.0
1373,incorporated,1.0
1374,increase,6.0
1375,increased,4.0
1376,indemnification,1.0
1377,indian,5.0
1378,indiana,1.0
1379,indications,1.0
1380,individual,3.0
1381,individuals,3.0
1382,induce,2.0
1383,induced,2.0
1384,infant,1.0
1385,infect,2.0
1386,infection,1.0
1387,infections,3.0
1388,infertile,1.0
1389,inflammatory,1.0
1390,influence,1.0
1391,info,19.0
1392,infoabouthow,2.0
1393,inform,3.0
1394,information,109.0
1395,informationabortion,1.0
1396,informational,2.0
1397,information”,1.0
1398,informative,1.0
1399,informed,2.0
1400,informing,1.0
1401,init,16.0
1402,initial,1.0
1403,injection,2.0
1404,injuries,1.0
1405,injury,1.0
1406,inline,20.0
1407,inline-block,16.0
1408,inner,1.0
1409,input,42.0
1410,inside,5.0
1411,instagram,54.0
1412,instances,1.0
1413,instant,1.0
1414,instead,1.0
1415,institute,1.0
1416,instruction,1.0
1417,insulates,1.0
1418,intended,2.0
1419,intent,1.0
1420,intently,1.0
1421,interacting,3.0
1422,interaction,3.0
1423,interest,21.0
1424,interested,1.0
1425,interior,3.0
1426,internal,3.0
1427,international,2.0
1428,internet,3.0
1429,interruption,1.0
1430,intimate,2.0
1431,into,11.0
1432,intracardiac,1.0
1433,introduce,1.0
1434,invalidate,1.0
1435,invasive,1.0
1436,investments,1.0
1437,involve,1.0
1438,involved,3.0
1439,involves,1.0
1440,iowa,2.0
1441,irian,1.0
1442,iron,2.0
1443,irritation,1.0
1444,island,2.0
1445,islands,1.0
1446,isle,1.0
1447,isn't,1.0
1448,issue,2.0
1449,issues,5.0
1450,it's,19.0
1451,items,1.0
1452,it’s,5.0
1453,i’m,3.0
1454,i’ve,1.0
1455,jakarta,1.0
1456,jan,1.0
1457,jana,1.0
1458,japanese,1.0
1459,javascript,3.0
1460,jaya,1.0
1461,jays,1.0
1462,jeans,3.0
1463,jeansnot,1.0
1464,jersey,1.0
1465,jewish,1.0
1466,job,2.0
1467,jobs,1.0
1468,john,4.0
1469,join,4.0
1470,joining,1.0
1471,jones,4.0
1472,joseph's,1.0
1473,journal,4.0
1474,journey,1.0
1475,joyous,1.0
1476,jr,4.0
1477,js,1.0
1478,judgmental,17.0
1479,juggle,1.0
1480,july,2.0
1481,june,4.0
1482,juneau,1.0
1483,junior,1.0
1484,junk,1.0
1485,jurisdiction/governing,1.0
1486,just,42.0
1487,kansas,2.0
1488,kathleen,4.0
1489,keep,5.0
1490,keeping,1.0
1491,kennedy,72.0
1492,kennewick,1.0
1493,kentucky,1.0
1494,kept,2.0
1495,keypress,3.0
1496,keys,6.0
1497,keywords,1.0
1498,khiri,1.0
1499,kid's,1.0
1500,kids,2.0
1501,kind,2.0
1502,kindergartens,1.0
1503,kitts,5.0
1504,knew,2.0
1505,know,32.0
1506,knowing,2.0
1507,knowledge,4.0
1508,known,4.0
1509,kong,2.0
1510,ky,1.0
1511,la,1.0
1512,lab-grade,1.0
1513,lab-quality,7.0
1514,label,41.0
1515,laboratory,2.0
1516,laboratory-quality,1.0
1517,lack,2.0
1518,lady,1.0
1519,lake,3.0
1520,land,1.0
1521,landing,1.0
1522,large,1.0
1523,largely,1.0
1524,larger,1.0
1525,larner,1.0
1526,las,1.0
1527,laser,3.0
1528,last,4.0
1529,late,4.0
1530,later,3.0
1531,latest,1.0
1532,launch,1.0
1533,law,4.0
1534,laws,3.0
1535,lay,1.0
1536,lead,5.0
1537,leading,1.0
1538,leanna,1.0
1539,leap,1.0
1540,learn,39.0
1541,learned,2.0
1542,learning,1.0
1543,lease,3.0
1544,least,20.0
1545,leave,5.0
1546,led,1.0
1547,left,2.0
1548,left\/right,1.0
1549,leg,1.0
1550,legal,7.0
1551,legalized,2.0
1552,legally,2.0
1553,length,3.0
1554,less,1.0
1555,let,21.0
1556,let’s,2.0
1557,level,4.0
1558,levels,5.0
1559,li,1697.0
1560,liability,5.0
1561,liable,6.0
1562,liberty,1.0
1563,license,48.0
1564,licensed,17.0
1565,lies,1.0
1566,life,20.0
1567,life-affirming,1.0
1568,life-changing,1.0
1569,life-sized,1.0
1570,lifelong,1.0
1571,lifestyle,1.0
1572,light,4.0
1573,like,59.0
1574,liked,1.0
1575,likely,2.0
1576,limit,1.0
1577,limitation,2.0
1578,limitations,1.0
1579,limited,16.0
1580,linda,2.0
1581,line,2.0
1582,link,3.0
1583,linked,2.0
1584,links,7.0
1585,linksreferences,15.0
1586,linux,31.0
1587,lisbon,1.0
1588,list,9.0
1589,listed,1.0
1590,listen,23.0
1591,listened,17.0
1592,listening,1.0
1593,listings,1.0
1594,literally,1.0
1595,literature,1.0
1596,little,6.0
1597,live,4.0
1598,livermore,1.0
1599,lives,1.0
1600,living,3.0
1601,load,18.0
1602,local,14.0
1603,locally,16.0
1604,locating,4.0
1605,location,2.0
1606,locations,1.0
1607,lodging,1.0
1608,log,4.0
1609,long,23.0
1610,long-standing,1.0
1611,long-term,5.0
1612,longer,1.0
1613,longitudinal,1.0
1614,longstanding,1.0
1615,look,12.0
1616,looked,1.0
1617,looking,13.0
1618,looks,4.0
1619,loom,1.0
1620,los,1.0
1621,losing,1.0
1622,loss,2.0
1623,lot,5.0
1624,lots,3.0
1625,loud,1.0
1626,louisiana,1.0
1627,love,3.0
1628,loved,1.0
1629,loves,1.0
1630,loving,1.0
1631,lower,2.0
1632,lowercase,6.0
1633,lowered,1.0
1634,lubricating,2.0
1635,lucky,1.0
1636,luis,1.0
1637,luke,4.0
1638,lumber,1.0
1639,luxury,1.0
1640,ma,4.0
1641,machine,1.0
1642,made,5.0
1643,mailed,1.0
1644,mailing,1.0
1645,main,2.0
1646,maine,21.0
1647,maintain,6.0
1648,maintained,4.0
1649,maintaining,1.0
1650,maintains,6.0
1651,major,2.0
1652,majors,1.0
1653,make,102.0
1654,makes,2.0
1655,making,15.0
1656,males,1.0
1657,man,2.0
1658,manage,1.0
1659,management,7.0
1660,manner,1.0
1661,manufactured,1.0
1662,manufacturing,1.0
1663,many,41.0
1664,maps,3.0
1665,march,11.0
1666,mariana,6.0
1667,marital,1.0
1668,marketing,9.0
1669,married,1.0
1670,maryland,1.0
1671,massachusetts,1.0
1672,massage,4.0
1673,master,1.0
1674,masturbating,1.0
1675,masturbation,1.0
1676,material,9.0
1677,materials,6.0
1678,maternity,2.0
1679,matter,8.0
1680,matters,1.0
1681,matthew,2.0
1682,mature,5.0
1683,maxillofacial,4.0
1684,may,70.0
1685,maybe,9.0
1686,mayo,1.0
1687,maze,1.0
1688,mcallen,1.0
1689,mcdonald,1.0
1690,md,1.0
1691,me,157.0
1692,meals,1.0
1693,mean,3.0
1694,meaningful,1.0
1695,means,6.0
1696,measures,1.0
1697,mechanism,2.0
1698,media,1.0
1699,medical,53.0
1700,medically,1.0
1701,medication,7.0
1702,medication/chemical,1.0
1703,medications,1.0
1704,medicine,1.0
1705,meet,7.0
1706,meeting,1.0
1707,meetings,1.0
1708,member,18.0
1709,members,1.0
1710,membership,1.0
1711,memorial,72.0
1712,memories,1.0
1713,men,95.0
1714,men's,1.0
1715,menstrual,2.0
1716,mental,4.0
1717,mention,2.0
1718,mentioned,3.0
1719,mentor,2.0
1720,mentorship,1.0
1721,menu,40.0
1722,men’s,2.0
1723,merchantability,1.0
1724,merely,1.0
1725,message,3.0
1726,metamorphosis,1.0
1727,method,3.0
1728,methods,3.0
1729,mexico,1.0
1730,mg,1.0
1731,michigan,2.0
1732,middle,1.0
1733,midst,1.0
1734,midwestwhere,1.0
1735,mifeprex,9.0
1736,mifepristone,9.0
1737,might,14.0
1738,miles,1.0
1739,million,1.0
1740,mimic,1.0
1741,mind,5.0
1742,minded,1.0
1743,mindset,1.0
1744,minimize,1.0
1745,ministry,1.0
1746,minnesota,1.0
1747,minor,1.0
1748,minus,3.0
1749,miscarriage,1.0
1750,miscarriages,1.0
1751,misconceptions,1.0
1752,misery,1.0
1753,misoprostol,2.0
1754,misrepresenting,1.0
1755,miss,1.0
1756,missed,11.0
1757,missing,4.0
1758,mission,3.0
1759,mississippi,1.0
1760,missouri,1.0
1761,mistake,1.0
1762,misused,1.0
1763,mit,16.0
1764,mmm,12.0
1765,mmmm,4.0
1766,mn,2.0
1767,mo,3.0
1768,mode,2.0
1769,modern,66.0
1770,modify,3.0
1771,modulators,1.0
1772,molly,1.0
1773,mom,1.0
1774,mom's,1.0
1775,moment,1.0
1776,moms,3.0
1777,mom’s,3.0
1778,monday,38.0
1779,money,4.0
1780,monitor,2.0
1781,monkey,1.0
1782,monsters,3.0
1783,montana,1.0
1784,month,3.0
1785,monthly,1.0
1786,months,3.0
1787,mood,1.0
1788,moon,4.0
1789,more,65.0
1790,morebundle,1.0
1791,morelocal,1.0
1792,moreppc,1.0
1793,morning-after,3.0
1794,most,49.0
1795,mother,2.0
1796,mother's,1.0
1797,motherhood,1.0
1798,mothers,5.0
1799,mother’s,1.0
1800,motivate,1.0
1801,mousedown,3.0
1802,move,2.0
1803,moves,1.0
1804,moving,1.0
1805,much,11.0
1806,much-bigger,1.0
1807,muffle,1.0
1808,multiple,1.0
1809,must,14.0
1810,muster,1.0
1811,mutual,1.0
1812,my,28.0
1813,myths,1.0
1814,na,1.0
1815,nagar,1.0
1816,nakama,1.0
1817,naked,6.0
1818,nakhon,1.0
1819,name,8.0
1820,names,3.0
1821,napa,1.0
1822,naps,1.0
1823,narrow,1.0
1824,national,2.0
1825,nationsschedulepresentationsmaterialscontact,2.0
1826,natural,5.0
1827,nature,5.0
1828,nature's,1.0
1829,nauseous,3.0
1830,nav,16.0
1831,navigate,2.0
1832,nc,3.0
1833,near,5.0
1834,nearby,1.0
1835,nearly,1.0
1836,nebraska,1.0
1837,necessary,3.0
1838,necessitate,2.0
1839,need,34.0
1840,needed,2.0
1841,needs,9.0
1842,negative,2.0
1843,negligent,1.0
1844,negliglence,1.0
1845,negotiated,1.0
1846,nerves,1.0
1847,net,1.0
1848,nevada,1.0
1849,never,25.0
1850,new,98.0
1851,newly,1.0
1852,newport,1.0
1853,news,2.0
1854,next,19.0
1855,nice,1.0
1856,nick,1.0
1857,nightlife,1.0
1858,nine,2.0
1859,nizhniy,1.0
1860,nlsy,1.0
1861,no,60.0
1862,no-cost,4.0
1863,no-repeat,16.0
1864,non-judgmental,3.0
1865,non-profit,2.0
1866,non-surgical,1.0
1867,none,62.0
1868,non‐judgmental,1.0
1869,normal,4.0
1870,north,5.0
1871,nose,2.0
1872,not,210.0
1873,note,2.0
1874,noted,1.0
1875,nothing,1.0
1876,notice,4.0
1877,noticeable,1.0
1878,noticed,1.0
1879,noting,1.0
1880,notorious,1.0
1881,nov,1.0
1882,november,1.0
1883,now,22.0
1884,nt,62.0
1885,nude,4.0
1886,nudes,1.0
1887,number,21.0
1888,numbers,1.0
1889,numerous,1.0
1890,nurse,3.0
1891,nursing,1.0
1892,nv,1.0
1893,nw,1.0
1894,ny,3.0
1895,o'meara,2.0
1896,ob,2.0
1897,objective,1.0
1898,obligated,1.0
1899,obligation,2.0
1900,obstet,2.0
1901,obstetric,2.0
1902,obstetrical,12.0
1903,obstetricians,1.0
1904,obstetrics,3.0
1905,obtain,2.0
1906,obtaining,1.0
1907,obviously,1.0
1908,occasionally,3.0
1909,occur,1.0
1910,ocean,5.0
1911,oceanside,1.0
1912,oct,1.0
1913,october,18.0
1914,off,6.0
1915,offensive,2.0
1916,offer,42.0
1917,offered,2.0
1918,offering,5.0
1919,offerour,1.0
1920,offers,15.0
1921,offices,1.0
1922,often,15.0
1923,og,2.0
1924,oh,3.0
1925,ohio,1.0
1926,okay,3.0
1927,oklahoma,2.0
1928,ol,128.0
1929,old,1.0
1930,olympicswomen's,2.0
1931,once,4.0
1932,one,45.0
1933,one-step,4.0
1934,one-step™,1.0
1935,one-time,1.0
1936,ones,2.0
1937,one‐on‐one,1.0
1938,ongoing,2.0
1939,online,27.0
1940,only,140.0
1941,onto,2.0
1942,oovoo,1.0
1943,opacity,128.0
1944,open,3.0
1945,operates,1.0
1946,operational,2.0
1947,opinion,1.0
1948,opinions,3.0
1949,opportunity,24.0
1950,optimistic,1.0
1951,optimization,2.0
1952,option,17.0
1953,optionline,1.0
1954,options,148.0
1955,optionsmaking,1.0
1956,optionsreviewswhat,1.0
1957,optionsthere,2.0
1958,or,303.0
1959,oral,2.0
1960,order,9.0
1961,orders,1.0
1962,oregon,1.0
1963,organic,1.0
1964,organically,1.0
1965,organization,1.0
1966,organizations,2.0
1967,original,1.0
1968,orthodontists,1.0
1969,ossipee,1.0
1970,other,55.0
1971,other's,1.0
1972,others,3.0
1973,otherwise,6.0
1974,our,220.0
1975,out,33.0
1976,outdoors,1.0
1977,outlying,1.0
1978,outside,6.0
1979,over,11.0
1980,over-the-counter,3.0
1981,overcome,1.0
1982,overrides,1.0
1983,overview,1.0
1984,overwhelmed,2.0
1985,overwhelming,1.0
1986,overwhelms,1.0
1987,owe,1.0
1988,own,14.0
1989,owned,1.0
1990,owner,1.0
1991,oyez,2.0
1992,pa,3.0
1993,pack,2.0
1994,page,16.0
1995,pages,1.0
1996,paid,1.0
1997,pain,2.0
1998,painful,2.0
1999,pair,3.0
2000,pamper,1.0
2001,pamphlets,1.0
2002,panic,8.0
2003,pankaj,2.0
2004,parameter,1.0
2005,parameters,1.0
2006,parasites,1.0
2007,parejas,1.0
2008,parent,5.0
2009,parenthood,3.0
2010,parenting,110.0
2011,parents,1.0
2012,part,4.0
2013,participate,2.0
2014,participate…,1.0
2015,particular,4.0
2016,parties,4.0
2017,partner,5.0
2018,partners,2.0
2019,partner’s,1.0
2020,parts,1.0
2021,party,4.0
2022,pass,2.0
2023,passed,1.0
2024,passes,1.0
2025,passion,1.0
2026,passionate,1.0
2027,password,2.0
2028,past,5.0
2029,path,2.0
2030,patient,1.0
2031,patterns,1.0
2032,paul,4.0
2033,pay-per-click,1.0
2034,paycheck,1.0
2035,payload,8.0
2036,payment,1.0
2037,peace,3.0
2038,pedersen,1.0
2039,pee,1.0
2040,pelvic,1.0
2041,pembroke,1.0
2042,pennsylvania,1.0
2043,penny,4.0
2044,people,13.0
2045,per,4.0
2046,perceived,1.0
2047,perfect,1.0
2048,perform,21.0
2049,perhaps,4.0
2050,period,10.0
2051,periods,2.0
2052,permission,1.0
2053,persistent,3.0
2054,person,1.0
2055,personal,25.0
2056,personality,1.0
2057,personals,2.0
2058,persons,1.0
2059,pharmacists,1.0
2060,pharmacy,4.0
2061,phenomenon,1.0
2062,phone,27.0
2063,photos,4.0
2064,physical,6.0
2065,physically,1.0
2066,physician,4.0
2067,physicians,1.0
2068,physician’s,2.0
2069,picket,1.0
2070,picture,2.0
2071,piece,1.0
2072,pieces,1.0
2073,pierre,5.0
2074,pill,95.0
2075,pills,6.0
2076,pines,1.0
2077,pinetree,1.0
2078,pissing,1.0
2079,pizza,1.0
2080,place,24.0
2081,placenta,2.0
2082,placing,1.0
2083,plagued,1.0
2084,plan,11.0
2085,planned,6.0
2086,planners,2.0
2087,planning,2.0
2088,plans,1.0
2089,plansad,1.0
2090,plate,1.0
2091,play,1.0
2092,player,2.0
2093,plays,1.0
2094,please,13.0
2095,pleasurable,1.0
2096,pledge,4.0
2097,pllc,1.0
2098,plug,1.0
2099,plugin,33.0
2100,pm,20.0
2101,pocket,1.0
2102,point,1.0
2103,policy,25.0
2104,poll,16.0
2105,polls,1.0
2106,population-based,1.0
2107,porch,1.0
2108,port,1.0
2109,portions,2.0
2110,portland,20.0
2111,porto,1.0
2112,positive,13.0
2113,possibilities,1.0
2114,possibilitiy,1.0
2115,possibility,3.0
2116,possible,9.0
2117,possibly,1.0
2118,post,1.0
2119,post-abortion,83.0
2120,post-pregnancy,1.0
2121,posted,4.0
2122,poster,2.0
2123,postings,5.0
2124,posts,1.0
2125,potassium,1.0
2126,potential,8.0
2127,potentially,1.0
2128,powered,17.0
2129,powerful,16.0
2130,ppc,3.0
2131,ppcour,1.0
2132,practice,4.0
2133,practices,1.0
2134,prayer,1.0
2135,pre,16.0
2136,pre-register,1.0
2137,preborn,1.0
2138,preceding,3.0
2139,prefer,1.0
2140,preference,1.0
2141,pregnancies,5.0
2142,pregnancy,705.0
2143,pregnancythe,1.0
2144,pregnancyultrasonic,1.0
2145,pregnancywhen,2.0
2146,pregnant,17.0
2147,preliminary,1.0
2148,prenatal,4.0
2149,preparation,1.0
2150,prepared,5.0
2151,prescribing,2.0
2152,presence,1.0
2153,presented,1.0
2154,pressing,1.0
2155,pressure,2.0
2156,pressuring,1.0
2157,pretty,1.0
2158,prevent,3.0
2159,preventing,1.0
2160,prevention,1.0
2161,previous,1.0
2162,previously,1.0
2163,pri,2.0
2164,pricing,1.0
2165,principle,3.0
2166,prior,3.0
2167,privacy,28.0
2168,private,2.0
2169,prize,1.0
2170,prizes,1.0
2171,pro,1.0
2172,pro-active,1.0
2173,pro-elements,2.0
2174,probability,2.0
2175,probably,3.0
2176,problems,2.0
2177,procedure,7.0
2178,procedures,12.0
2179,proceduresconsumer,1.0
2180,proceed,1.0
2181,process,7.0
2182,processing,6.0
2183,produced,2.0
2184,producing,1.0
2185,products,4.0
2186,professional,29.0
2187,professional/medical,1.0
2188,professionals,4.0
2189,profile,1.0
2190,profit,1.0
2191,progesterone,1.0
2192,prognosis,1.0
2193,program,16.0
2194,programs,3.0
2195,prohibit,3.0
2196,prohibited,1.0
2197,prohibits,2.0
2198,project,2.0
2199,promise,1.0
2200,promote,1.0
2201,properly,1.0
2202,property,6.0
2203,pros,1.0
2204,prostaglandins,1.0
2205,prosthetics,8.0
2206,protect,3.0
2207,protected,1.0
2208,protecting,1.0
2209,protection,3.0
2210,protective,2.0
2211,protects,1.0
2212,proven,1.0
2213,provide,50.0
2214,provided,25.0
2215,provider,1.0
2216,provides,9.0
2217,providing,8.0
2218,provision,2.0
2219,provisions,1.0
2220,psychological,3.0
2221,psychology,1.0
2222,public,19.0
2223,publicationhope,1.0
2224,publications,1.0
2225,publicly,1.0
2226,pull,1.0
2227,pumping,1.0
2228,purchase,1.0
2229,purchased,3.0
2230,purchases,1.0
2231,purdue,1.0
2232,purpose,1.0
2233,purposeful,1.0
2234,purposes,2.0
2235,pursuit,1.0
2236,pussy,10.0
2237,put,3.0
2238,put-off,1.0
2239,puts,1.0
2240,qualify,1.0
2241,quality,2.0
2242,queen,1.0
2243,question,1.0
2244,questionable,1.0
2245,questions,11.0
2246,quick,18.0
2247,quiet,1.0
2248,quit,1.0
2249,quite,1.0
2250,quiz,1.0
2251,racing,1.0
2252,rack,1.0
2253,radically,1.0
2254,raffle,1.0
2255,rained-on,1.0
2256,raise,5.0
2257,raised,1.0
2258,raises,2.0
2259,raising,1.0
2260,ranburne,1.0
2261,rank,5.0
2262,ranking,2.0
2263,rankmonstersdigital,1.0
2264,rape,1.0
2265,rapidly,1.0
2266,rare,1.0
2267,rash,1.0
2268,rate,3.0
2269,rated,1.0
2270,rather,1.0
2271,rating,1.0
2272,re-adjusts,1.0
2273,reach,7.0
2274,reaching,1.0
2275,reaction,1.0
2276,reactions,1.0
2277,read,15.0
2278,reading,1.0
2279,ready,12.0
2280,real,7.0
2281,reality,3.0
2282,realize,2.0
2283,really,23.0
2284,reason,4.0
2285,reasoned,1.0
2286,reasons,3.0
2287,recall,2.0
2288,receive,4.0
2289,received,2.0
2290,receiving,4.0
2291,recent,2.0
2292,recently,3.0
2293,receptor,1.0
2294,recipient,1.0
2295,recognize,2.0
2296,recognized,2.0
2297,recommend,1.0
2298,recommended,2.0
2299,recommends,2.0
2300,record,1.0
2301,recover,1.0
2302,recovery,3.0
2303,reduce,3.0
2304,reel,1.0
2305,refer,16.0
2306,reference,1.0
2307,references,4.0
2308,referral,1.0
2309,referrals,24.0
2310,referred,2.0
2311,refuse,3.0
2312,regard,1.0
2313,regarding,2.0
2314,regardless,3.0
2315,region,2.0
2316,register,3.0
2317,registered,5.0
2318,registration,3.0
2319,regret,2.0
2320,regular,1.0
2321,related,9.0
2322,relation,2.0
2323,relationship,8.0
2324,relationships,5.0
2325,relationshipssometimes,1.0
2326,relationshipswhen,1.0
2327,relatively,1.0
2328,releases,1.0
2329,reliable,6.0
2330,reliance,3.0
2331,relied,17.0
2332,rem,16.0
2333,remain,2.0
2334,remaining,1.0
2335,remains,4.0
2336,remarks,1.0
2337,remember,1.0
2338,reminded,1.0
2339,removal,1.0
2340,remove,4.0
2341,removed,2.0
2342,renewed,1.0
2343,rental,1.0
2344,repair,3.0
2345,report,1.0
2346,reported,1.0
2347,reportever,1.0
2348,representations,2.0
2349,representative,1.0
2350,reproduced,1.0
2351,reproductive,4.0
2352,republic,7.0
2353,request,6.0
2354,requested,3.0
2355,requests,3.0
2356,require,5.0
2357,required,4.0
2358,requirements,1.0
2359,requires,5.0
2360,researched,1.0
2361,reserved,1.0
2362,reserves,1.0
2363,resold,1.0
2364,resolve,1.0
2365,resorts,1.0
2366,resounding,1.0
2367,resource,16.0
2368,resources,12.0
2369,respect,5.0
2370,respectful,1.0
2371,respond,1.0
2372,responsibility,1.0
2373,responsible,8.0
2374,restaurants,1.0
2375,restorative,2.0
2376,restrictions,2.0
2377,result,5.0
2378,resulting,2.0
2379,results,10.0
2380,resultswe’re,1.0
2381,retail,3.0
2382,retain,1.0
2383,retrieved,31.0
2384,return,10.0
2385,reveal,3.0
2386,reveals,2.0
2387,reversal,1.0
2388,review,4.0
2389,reviewswrite,1.0
2390,revised,1.0
2391,rewarded,1.0
2392,rhesus,1.0
2393,rhine,1.0
2394,rhode,1.0
2395,rich,1.0
2396,right,47.0
2397,right-,1.0
2398,rightclick,3.0
2399,rights,41.0
2400,rise,2.0
2401,rising,2.0
2402,risk,9.0
2403,risks,8.0
2404,roads,1.0
2405,role,1.0
2406,romantic,1.0
2407,romsdal,1.0
2408,room,1.0
2409,root,22.0
2410,roses,1.0
2411,rouge,1.0
2412,rough,1.0
2413,route,1.0
2414,routes,1.0
2415,rubs,2.0
2416,run,2.0
2417,runs,1.0
2418,ruptured,1.0
2419,rush,2.0
2420,rushing,1.0
2421,ryan,2.0
2422,sabrina,2.0
2423,safe,24.0
2424,safer,1.0
2425,safest,2.0
2426,safety,3.0
2427,said,2.0
2428,saint,1.0
2429,salon,1.0
2430,salons,2.0
2431,salt,2.0
2432,same,5.0
2433,san,5.0
2434,sanctity,1.0
2435,sandwich,1.0
2436,sans,5.0
2437,santa,3.0
2438,sao,2.0
2439,satisfied,1.0
2440,saturday,3.0
2441,save,1.0
2442,saved,1.0
2443,saves,1.0
2444,saving,2.0
2445,saw,2.0
2446,say,5.0
2447,saying,2.0
2448,says,1.0
2449,scandinavian,1.0
2450,scanning,2.0
2451,scans,1.0
2452,scarborough,1.0
2453,scare,1.0
2454,scarecrow,3.0
2455,scarecrows,1.0
2456,scarecrowsãâ,1.0
2457,scared,3.0
2458,scary,1.0
2459,scene,1.0
2460,scenery,1.0
2461,schedule,25.0
2462,schedulean,1.0
2463,schedule…,1.0
2464,scheduling,3.0
2465,school,23.0
2466,schools,5.0
2467,science,2.0
2468,scrape,1.0
2469,screen,162.0
2470,screening,1.0
2471,seal,1.0
2472,search,3.0
2473,searching,1.0
2474,season,1.0
2475,seattle,1.0
2476,second,6.0
2477,second-trimester,2.0
2478,secondary,1.0
2479,section,3.0
2480,secure,3.0
2481,secured,2.0
2482,security,5.0
2483,see,16.0
2484,seed,1.0
2485,seeing,1.0
2486,seek,6.0
2487,seeking,3.0
2488,seem,5.0
2489,segoe,12.0
2490,selatan,3.0
2491,select,16.0
2492,selected,16.0
2493,self,2.0
2494,semi-open,2.0
2495,send,7.0
2496,sends,4.0
2497,senior,1.0
2498,seniors,1.0
2499,sense,1.0
2500,sensitive,3.0
2501,sent,2.0
2502,seo,9.0
2503,sep,1.0
2504,september,1.0
2505,serenity,2.0
2506,series,2.0
2507,serious,1.0
2508,serve,4.0
2509,service,21.0
2510,services,284.0
2511,serviceswe,1.0
2512,serving,1.0
2513,session,2.0
2514,set,13.0
2515,sets,1.0
2516,several,4.0
2517,severe,1.0
2518,sevier,1.0
2519,sex,20.0
2520,sexual,29.0
2521,sexuality,2.0
2522,sexually,15.0
2523,sexy,4.0
2524,share,12.0
2525,sharing,3.0
2526,she,6.0
2527,sheet,3.0
2528,shelters,1.0
2529,she’s,4.0
2530,shipping,1.0
2531,shock,5.0
2532,shops,1.0
2533,short-term,1.0
2534,should,34.0
2535,shoving,1.0
2536,show,6.0
2537,shown,1.0
2538,shut,1.0
2539,si,2.0
2540,sick,1.0
2541,side,6.0
2542,sign,2.0
2543,significant,1.0
2544,signing,1.0
2545,signs,10.0
2546,similar,2.0
2547,simply,2.0
2548,since,1.0
2549,single,7.0
2550,sint,4.0
2551,sit,6.0
2552,site,4.0
2553,sites,2.0
2554,sites/owners,1.0
2555,situation,1.0
2556,situations,1.0
2557,six,2.0
2558,size,2.0
2559,size-too-small,1.0
2560,skills,2.0
2561,skip,20.0
2562,sleep,2.0
2563,slow,1.0
2564,slut,1.0
2565,sluts,1.0
2566,small,2.0
2567,smarter,1.0
2568,so,21.0
2569,social,4.0
2570,society,2.0
2571,software,1.0
2572,sold,3.0
2573,sole,2.0
2574,solely,3.0
2575,solid,505.0
2576,solutions,1.0
2577,some,28.0
2578,somebody,1.0
2579,someone,38.0
2580,somerset,1.0
2581,something,3.0
2582,sometimes,4.0
2583,sonographer,2.0
2584,sore,2.0
2585,sound,6.0
2586,source,2.0
2587,sources,2.0
2588,south,7.0
2589,southern,3.0
2590,spa,1.0
2591,space,1.0
2592,spaces,1.0
2593,span,16.0
2594,spas,1.0
2595,speak,18.0
2596,speaking,1.0
2597,special,4.0
2598,specially,1.0
2599,specific,3.0
2600,specifically,1.0
2601,spend,1.0
2602,sperm,1.0
2603,spice,1.0
2604,spiritual,1.0
2605,sponsors,2.0
2606,sporting,1.0
2607,sports,3.0
2608,spot,2.0
2609,spotting,1.0
2610,spread,2.0
2611,spring,1.0
2612,springboro,1.0
2613,springs,1.0
2614,sprinklers,1.0
2615,ssl,2.0
2616,ssr,8.0
2617,st,2.0
2618,stability,2.0
2619,staff,26.0
2620,stage,2.0
2621,stages,2.0
2622,stand,2.0
2623,standard,5.0
2624,standards,2.0
2625,standish,1.0
2626,start,6.0
2627,started,1.0
2628,state,27.0
2629,statements,1.0
2630,states,7.0
2631,stations,1.0
2632,statistics,2.0
2633,stay,2.0
2634,staying,1.0
2635,std,7.0
2636,std/sti,1.0
2637,stds,1.0
2638,steakhouse,1.0
2639,steer,1.0
2640,stem,1.0
2641,step,25.0
2642,stephen,2.0
2643,steps,6.0
2644,sti,90.0
2645,sti/std,6.0
2646,stick,2.0
2647,still,11.0
2648,stis,8.0
2649,stomach,2.0
2650,stop,3.0
2651,storage,3.0
2652,store,3.0
2653,stored,2.0
2654,stores,2.0
2655,stories,2.0
2656,strange,1.0
2657,strategically,1.0
2658,street,2.0
2659,stress,1.0
2660,stressful,2.0
2661,strictest,2.0
2662,strictly,6.0
2663,strive,3.0
2664,strong,9.0
2665,strrelativepagepath,1.0
2666,strrelativepathtoroot,1.0
2667,struggle,1.0
2668,student,1.0
2669,students,81.0
2670,studies,1.0
2671,studios,1.0
2672,study,2.0
2673,studycontact,1.0
2674,stylish,1.0
2675,subject,1.0
2676,submissions,2.0
2677,submit,8.0
2678,submitting,2.0
2679,subscribe,2.0
2680,subsequent,1.0
2681,subside,1.0
2682,substitute,18.0
2683,successful,4.0
2684,such,33.0
2685,sucking,1.0
2686,suction,2.0
2687,suddenly,2.0
2688,suffer,1.0
2689,sufficient,1.0
2690,suggest,3.0
2691,suggestion,1.0
2692,suggestions,3.0
2693,suggests,2.0
2694,suite,23.0
2695,summary,2.0
2696,sunday,18.0
2697,sunflowers,1.0
2698,supplements,1.0
2699,suppliers,1.0
2700,supplies,1.0
2701,support,145.0
2702,supporter,1.0
2703,supporters,1.0
2704,supporting,1.0
2705,supportive,17.0
2706,supports,3.0
2707,supposed,1.0
2708,sure,32.0
2709,surges,1.0
2710,surgical,9.0
2711,surprise,1.0
2712,surround,1.0
2713,surrounded,1.0
2714,survey,2.0
2715,surveyed,1.0
2716,survive,1.0
2717,svg,20.0
2718,sweating,1.0
2719,sweeney,2.0
2720,swinger,5.0
2721,swingers,9.0
2722,swinging,2.0
2723,swings,1.0
2724,swollen,1.0
2725,symptoms,97.0
2726,syntax,3.0
2727,system,3.0
2728,systematic,2.0
2729,table,7.0
2730,take,46.0
2731,taken,9.0
2732,taken…,1.0
2733,takes,4.0
2734,taking,5.0
2735,talk,22.0
2736,talking,2.0
2737,tall,1.0
2738,tapp,2.0
2739,target,1.0
2740,targeting,1.0
2741,taylor,2.0
2742,taymir,1.0
2743,tbwasidentified,4.0
2744,td,1.0
2745,team,21.0
2746,teams,1.0
2747,technician,2.0
2748,technologies,2.0
2749,teen,5.0
2750,teenagers,1.0
2751,television,1.0
2752,tell,4.0
2753,telling,1.0
2754,tempting,1.0
2755,ten,2.0
2756,tend,4.0
2757,tender,2.0
2758,tends,1.0
2759,tengah,3.0
2760,tenggara,3.0
2761,tennessee,3.0
2762,term,1.0
2763,terminate,1.0
2764,terminating,1.0
2765,termination,1.0
2766,terminations,15.0
2767,terms,38.0
2768,tertiary,1.0
2769,test,41.0
2770,tested,3.0
2771,testing,186.0
2772,tests,20.0
2773,teva,5.0
2774,texas,3.0
2775,text,36.0
2776,texting,1.0
2777,than,21.0
2778,thank,2.0
2779,that's,1.0
2780,that’s,2.0
2781,thead,56.0
2782,their,32.0
2783,them,13.0
2784,thematic,1.0
2785,theme,48.0
2786,themes,16.0
2787,themselves,2.0
2788,then,8.0
2789,there,30.0
2790,therein,1.0
2791,thereof,1.0
2792,there’s,1.0
2793,these,41.0
2794,thete,1.0
2795,they,103.0
2796,thin,20.0
2797,thing,4.0
2798,things,7.0
2799,think,21.0
2800,thinking,2.0
2801,thinks,1.0
2802,third,4.0
2803,third-party,1.0
2804,thirty,1.0
2805,this,146.0
2806,thomas,2.0
2807,thonotosassa,1.0
2808,thorton,1.0
2809,those,19.0
2810,though,1.0
2811,thought,3.0
2812,thoughtful,1.0
2813,thoughts,3.0
2814,threatened,1.0
2815,threatening,1.0
2816,three,10.0
2817,threesome,1.0
2818,through,23.0
2819,throwing,1.0
2820,thrown,1.0
2821,thursday,18.0
2822,thus,1.0
2823,tim,2.0
2824,time,67.0
2825,time-sensitive,1.0
2826,times,1.0
2827,timur,3.0
2828,tina,1.0
2829,tip,1.0
2830,tips,1.0
2831,tipswhat,1.0
2832,tired,1.0
2833,tissue,2.0
2834,tn,1.0
2835,today,8.0
2836,today’s,1.0
2837,together,3.0
2838,tome,5.0
2839,tons,2.0
2840,too,7.0
2841,too-tight,1.0
2842,took,19.0
2843,tool,1.0
2844,tools,1.0
2845,top,35.0
2846,topics,1.0
2847,totally,18.0
2848,tothe,1.0
2849,touching,1.0
2850,tough,1.0
2851,tours,1.0
2852,town,1.0
2853,townsville,1.0
2854,tr,32.0
2855,track,4.0
2856,tracker,1.0
2857,trade,1.0
2858,trained,4.0
2859,training,1.0
2860,trannys,1.0
2861,transactions,2.0
2862,transducer,2.0
2863,transform,64.0
2864,transition,1.0
2865,transmission,2.0
2866,transmissions,2.0
2867,transmit,1.0
2868,transmitted,6.0
2869,transparent,240.0
2870,transportation,1.0
2871,trap,1.0
2872,travel,2.0
2873,treasured,1.0
2874,treat,2.0
2875,treated,2.0
2876,treatment,86.0
2877,treatments,3.0
2878,tremendous,1.0
2879,trichomoniasis,1.0
2880,tried,1.0
2881,trimester,2.0
2882,trimesters,1.0
2883,true,1.0
2884,trust,3.0
2885,trustworthy,1.0
2886,truth,2.0
2887,try,36.0
2888,try-on,1.0
2889,trying,2.0
2890,tune-in,1.0
2891,turn,2.0
2892,turner,1.0
2893,turns,1.0
2894,turtleneck,1.0
2895,tweet,1.0
2896,twitter,20.0
2897,two,7.0
2898,tx,4.0
2899,type,2.0
2900,types,5.0
2901,typically,3.0
2902,ui,12.0
2903,ul,394.0
2904,ulipristal,5.0
2905,ultrasonic,1.0
2906,ultrasound,36.0
2907,ultrasounds,86.0
2908,un-pressured,1.0
2909,uncertain,1.0
2910,uncomfortable,2.0
2911,under,25.0
2912,understand,9.0
2913,understanding,1.0
2914,understands,1.0
2915,understood,17.0
2916,undiagnosed,1.0
2917,unexpected,8.0
2918,unexpectedly,1.0
2919,unintended,7.0
2920,unique,2.0
2921,united,2.0
2922,universities,1.0
2923,university,4.0
2924,unless,5.0
2925,unplanned,42.0
2926,unprotected,3.0
2927,until,2.0
2928,untimely,1.0
2929,up,39.0
2930,up\/down,2.0
2931,updated,2.0
2932,updates,1.0
2933,updating,2.0
2934,uploading,3.0
2935,upon,3.0
2936,upper,2.0
2937,uppercase,6.0
2938,urge,1.0
2939,urinate,1.0
2940,urine,6.0
2941,us,87.0
2942,usdigital,1.0
2943,use,57.0
2944,used,11.0
2945,usematchviewport,4.0
2946,user,108.0
2947,username,16.0
2948,users,3.0
2949,uses,9.0
2950,usfollowfollowcopyright,1.0
2951,using,13.0
2952,usthis,1.0
2953,usual,1.0
2954,usually,8.0
2955,ut,1.0
2956,utah,1.0
2957,utara,2.0
2958,uterine,1.0
2959,uterus,5.0
2960,utilize,1.0
2961,va,1.0
2962,valley,1.0
2963,value,1.0
2964,values,3.0
2965,van,1.0
2966,var,302.0
2967,variety,2.0
2968,various,3.0
2969,vary,1.0
2970,vass,1.0
2971,velvet,1.0
2972,venues,2.0
2973,verified,2.0
2974,verify,3.0
2975,verifying,1.0
2976,vermont,1.0
2977,version,1.0
2978,very,25.0
2979,via,1.0
2980,viability,2.0
2981,viable,7.0
2982,victoria,1.0
2983,video,1.0
2984,videos,2.0
2985,view,5.0
2986,vigorous,1.0
2987,village,1.0
2988,villages,1.0
2989,vincent,5.0
2990,vinyl,1.0
2991,violation,1.0
2992,violence,1.0
2993,virgin,9.0
2994,virginia,3.0
2995,virus,1.0
2996,viruses,1.0
2997,vision,1.0
2998,visit,9.0
2999,visitors,1.0
3000,visualize,1.0
3001,vital,2.0
3002,vitamin,1.0
3003,vitamins,1.0
3004,voice,1.0
3005,volume,1.0
3006,volunteer,1.0
3007,volunteers,1.0
3008,vomiting,1.0
3009,von,1.0
3010,vulnerability,1.0
3011,vulnerable,1.0
3012,wa,1.0
3013,wait,2.0
3014,waiting,6.0
3015,walk,4.0
3016,wall,2.0
3017,want,24.0
3018,wanted,1.0
3019,wanting,1.0
3020,wants,6.0
3021,warnings,1.0
3022,warranties,3.0
3023,warranty,1.0
3024,wary,1.0
3025,washington,1.0
3026,waste,2.0
3027,water,1.0
3028,waterville,7.0
3029,watson,6.0
3030,waves,4.0
3031,way,8.0
3032,wayne,2.0
3033,waynefleet,1.0
3034,ways,1.0
3035,we,227.0
3036,wear,1.0
3037,weather,8.0
3038,web,1.0
3039,website,49.0
3040,websites,8.0
3041,websites’,1.0
3042,website’s,2.0
3043,webster,2.0
3044,weeks,1.0
3045,weeksinformation,1.0
3046,weeks’,1.0
3047,weight,1.0
3048,welcome,3.0
3049,well,7.0
3050,well-being,1.0
3051,well-informed,1.0
3052,wellbeing,1.0
3053,west,3.0
3054,westbrook,1.0
3055,we’,1.0
3056,we’d,1.0
3057,we’ll,2.0
3058,we’re,13.0
3059,we’ve,3.0
3060,what,79.0
3061,what's,2.0
3062,whatever,6.0
3063,when,40.0
3064,where,42.0
3065,whether,6.0
3066,which,19.0
3067,while,3.0
3068,white,1.0
3069,who,66.0
3070,whole,3.0
3071,whom,1.0
3072,whore,1.0
3073,whose,1.0
3074,why,11.0
3075,wi,2.0
3076,widely,1.0
3077,wife,1.0
3078,willie,1.0
3079,willimantic,1.0
3080,willsonafter,1.0
3081,win,16.0
3082,wind,2.0
3083,windham,2.0
3084,window,1.0
3085,winds,1.0
3086,winter,14.0
3087,wired,1.0
3088,wisconsin,1.0
3089,wise,2.0
3090,wish,2.0
3091,within,15.0
3092,without,19.0
3093,wives,1.0
3094,woman,6.0
3095,woman's,1.0
3096,woman’s,3.0
3097,women,75.0
3098,women's,50.0
3099,women’s,53.0
3100,won't,2.0
3101,wonder,1.0
3102,wonderful,1.0
3103,wondering,3.0
3104,won’t,2.0
3105,wood,1.0
3106,wordpress,17.0
3107,work,28.0
3108,world,3.0
3109,worries,1.0
3110,worse,1.0
3111,worth,1.0
3112,would,17.0
3113,wouldn't,2.0
3114,wouldn’t,1.0
3115,written,1.0
3116,wrong,19.0
3117,wrongful,1.0
3118,wv,1.0
3119,wyoming,1.0
3120,yarmouth,2.0
3121,year,4.0
3122,years,3.0
3123,yellowpencil,20.0
3124,yet,1.0
3125,yogyakarta,1.0
3126,york,3.0
3127,you,538.0
3128,you'd,1.0
3129,you'll,1.0
3130,you're,4.0
3131,you've,1.0
3132,young,4.0
3133,your,369.0
3134,yourself,13.0
3135,youth,5.0
3136,youths,1.0
3137,you’d,1.0
3138,you’ll,1.0
3139,you’re,12.0
3140,you’ve,3.0
3141,yugoslav,1.0
3142,yummy,1.0
3143,‘double,3.0
3144,“a,1.0
3145,“am,1.0
3146,“are,1.0
3147,“baby,1.0
3148,“cdc,1.0
3149,“consequential”,1.0
3150,“cookie”,1.0
3151,“copyright”,1.0
3152,“could,1.0
3153,“do,2.0
3154,“how,3.0
3155,“i,2.0
3156,“incidental”,1.0
3157,“one,1.0
3158,“some,1.0
3159,“the,1.0
3160,“what,1.0
3161,“would,1.0
3162,pregnancy,1.0
