,token,Total0,Total1
0,women's,67.0,0.0
1,health,160.0,0.0
2,family,189.0,0.0
3,care,189.0,0.0
4,wyoming,91.0,0.0
5,this,44.0,0.0
6,file,42.0,0.0
7,inline,20.0,0.0
8,none,60.0,0.0
9,auto,120.0,0.0
10,solid,20.0,0.0
11,linear,3.0,0.0
12,undefined,20.0,0.0
13,wyomingwomen,20.0,0.0
14,western,24.0,0.0
15,monday,40.0,0.0
16,friday,40.0,0.0
17,appointment,84.0,0.0
18,broadway,41.0,0.0
19,suite,43.0,0.0
20,box,40.0,0.0
21,get,42.0,0.0
22,directions,81.0,0.0
23,home,22.0,0.0
24,services,37.0,0.0
25,obstetrics,35.0,0.0
26,gynecology,54.0,0.0
27,acute,28.0,0.0
28,pediatric,35.0,0.0
29,medicine,106.0,0.0
30,men’s,32.0,0.0
31,our,77.0,0.0
32,providers,26.0,0.0
33,doug,24.0,0.0
34,giovannina,67.0,0.0
35,laura,26.0,0.0
36,kathryn,23.0,0.0
37,patient,35.0,0.0
38,resources,27.0,0.0
39,appointments,22.0,0.0
40,request,42.0,0.0
41,forms,26.0,0.0
42,news,42.0,0.0
43,portal,21.0,0.0
44,healthfamily,2.0,0.0
45,focuses,7.0,0.0
46,providing,6.0,0.0
47,entire,9.0,0.0
48,important,6.0,0.0
49,note,3.0,0.0
50,provided,3.0,0.0
51,physicians,6.0,0.0
52,plays,4.0,0.0
53,major,3.0,0.0
54,focus,6.0,0.0
55,provide,18.0,0.0
56,key,4.0,0.0
57,factor,4.0,0.0
58,goal,7.0,0.0
59,caring,6.0,0.0
60,doctors,6.0,0.0
61,promote,5.0,0.0
62,men's,4.0,0.0
63,quality,5.0,0.0
64,life,6.0,0.0
65,through,8.0,0.0
66,men,10.0,0.0
67,seek,6.0,0.0
68,medical,38.0,0.0
69,less,4.0,0.0
70,often,5.0,0.0
71,than,4.0,0.0
72,top,4.0,0.0
73,threats,4.0,0.0
74,heart,5.0,0.0
75,women’s,62.0,0.0
76,subspecialty,4.0,0.0
77,encompasses,6.0,0.0
78,almost,4.0,0.0
79,all,42.0,0.0
80,aspects,6.0,0.0
81,gynecologists,3.0,0.0
82,literally,3.0,0.0
83,healthcare,6.0,0.0
84,trained,8.0,0.0
85,understand,3.0,0.0
86,unique,9.0,0.0
87,insurance,47.0,0.0
88,billing,43.0,0.0
89,insurers,20.0,0.0
90,your,43.0,0.0
91,location,43.0,0.0
92,click,22.0,0.0
93,here,24.0,0.0
94,map,22.0,0.0
95,link,22.0,0.0
96,office,46.0,0.0
97,hours,43.0,0.0
98,contact,63.0,0.0
99,you,40.0,0.0
100,may,95.0,0.0
101,using,20.0,0.0
102,online,20.0,0.0
103,fax,21.0,0.0
104,privacy,20.0,0.0
105,statement,20.0,0.0
106,terms,20.0,0.0
107,use,22.0,0.0
108,copyright,20.0,0.0
109,log,21.0,0.0
110,var,65.0,0.0
111,posts,21.0,0.0
112,first,24.0,0.0
113,previous,20.0,0.0
114,next,22.0,0.0
115,last,21.0,0.0
116,page,21.0,0.0
117,rlargs,20.0,0.0
118,families,3.0,0.0
119,throughout,2.0,0.0
120,wyomingwomen's,1.0,0.0
121,view,1.0,0.0
122,detailed,1.0,0.0
123,please,6.0,0.0
124,form,6.0,0.0
125,completing,1.0,0.0
126,not,6.0,0.0
127,call,5.0,0.0
128,set,1.0,0.0
129,confirm,1.0,0.0
130,email,3.0,0.0
131,always,1.0,0.0
132,attempt,1.0,0.0
133,reach,1.0,0.0
134,day,8.0,0.0
135,prior,2.0,0.0
136,remind,1.0,0.0
137,within,1.0,0.0
138,any,5.0,0.0
139,cancellation,1.0,0.0
140,failure,1.0,0.0
141,result,1.0,0.0
142,save,2.0,0.0
143,section,10.0,0.0
144,fill,2.0,0.0
145,out,3.0,0.0
146,bring,5.0,0.0
147,hipaa,2.0,0.0
148,financial,2.0,0.0
149,located,2.0,0.0
150,east,3.0,0.0
151,complete,2.0,0.0
152,below,1.0,0.0
153,make,4.0,0.0
154,desired,2.0,0.0
155,date,1.0,0.0
156,leave,1.0,0.0
157,new,7.0,0.0
158,search,18.0,0.0
159,articles,19.0,0.0
160,reproductive,24.0,0.0
161,rights,19.0,0.0
162,jeopardy,19.0,0.0
163,anthony,66.0,0.0
164,quoted,20.0,0.0
165,times,19.0,0.0
166,join,22.0,0.0
167,poetry,19.0,0.0
168,apothecary,19.0,0.0
169,live,19.0,0.0
170,session,19.0,0.0
171,center,44.0,0.0
172,arts,19.0,0.0
173,stage,19.0,0.0
174,telemedicine,19.0,0.0
175,resident,20.0,0.0
176,alison,20.0,0.0
177,case,20.0,0.0
178,interviewed,20.0,0.0
179,browse,21.0,0.0
180,category,18.0,0.0
181,events,18.0,0.0
182,menopausal,23.0,0.0
183,obstectrics,18.0,0.0
184,pediatrics,18.0,0.0
185,archives,18.0,0.0
186,july,18.0,0.0
187,march,37.0,0.0
188,october,37.0,0.0
189,august,18.0,0.0
190,june,18.0,0.0
191,november,18.0,0.0
192,john’s,4.0,0.0
193,professional,4.0,0.0
194,building,3.0,0.0
195,find,5.0,0.0
196,head,1.0,0.0
197,away,1.0,0.0
198,town,2.0,0.0
199,towards,2.0,0.0
200,johns,3.0,0.0
201,left,1.0,0.0
202,just,1.0,0.0
203,before,3.0,0.0
204,large,2.0,0.0
205,sign,2.0,0.0
206,teton,3.0,0.0
207,orthopedics,1.0,0.0
208,corner,1.0,0.0
209,pass,1.0,0.0
210,parking,1.0,0.0
211,lot,1.0,0.0
212,into,3.0,0.0
213,second,1.0,0.0
214,which,3.0,0.0
215,back,1.0,0.0
216,enter,3.0,0.0
217,double,1.0,0.0
218,doors,1.0,0.0
219,follow,3.0,0.0
220,signs,1.0,0.0
221,error,1.0,0.0
222,geocoding,1.0,0.0
223,check,5.0,0.0
224,address,2.0,0.0
225,try,1.0,0.0
226,values,2.0,0.0
227,both,10.0,0.0
228,point,2.0,0.0
229,couldn't,1.0,0.0
230,calculate,1.0,0.0
231,around,4.0,0.0
232,jackson,11.0,0.0
233,broad,1.0,0.0
234,spectrum,5.0,0.0
235,newborn,5.0,0.0
236,baby,1.0,0.0
237,geriatric,2.0,0.0
238,nursing,1.0,0.0
239,well,7.0,0.0
240,manage,5.0,0.0
241,serve,1.0,0.0
242,primary,6.0,0.0
243,“medical,1.0,0.0
244,home”,1.0,0.0
245,wellness,4.0,0.0
246,whfc,3.0,0.0
247,ups,1.0,0.0
248,physical,2.0,0.0
249,exams,1.0,0.0
250,medicare,2.0,0.0
251,assessment,6.0,0.0
252,screening,9.0,0.0
253,tests,1.0,0.0
254,comprehensive,5.0,0.0
255,including,13.0,0.0
256,fair,1.0,0.0
257,labs,1.0,0.0
258,year,1.0,0.0
259,vaccinations,2.0,0.0
260,monitoring,1.0,0.0
261,issues,8.0,0.0
262,child,2.0,0.0
263,inpatient,2.0,0.0
264,hospital,7.0,0.0
265,chronic,4.0,0.0
266,conditions,3.0,0.0
267,smoking,1.0,0.0
268,cessation,1.0,0.0
269,counseling,6.0,0.0
270,mental,2.0,0.0
271,depression,3.0,0.0
272,loss,3.0,0.0
273,dermatologic,1.0,0.0
274,skin,1.0,0.0
275,tag,1.0,0.0
276,wart,2.0,0.0
277,removal,1.0,0.0
278,coordination,2.0,0.0
279,specialist,2.0,0.0
280,referrals,1.0,0.0
281,team,4.0,0.0
282,have,3.0,0.0
283,chosen,1.0,0.0
284,practice,6.0,0.0
285,because,2.0,0.0
286,share,1.0,0.0
287,same,7.0,0.0
288,passions,1.0,0.0
289,others,1.0,0.0
290,area,2.0,0.0
291,staff,1.0,0.0
292,dedicated,1.0,0.0
293,developing,2.0,0.0
294,long,4.0,0.0
295,term,3.0,0.0
296,relationships,1.0,0.0
297,knowing,2.0,0.0
298,each,3.0,0.0
299,patients,8.0,0.0
300,their,13.0,0.0
301,great,1.0,0.0
302,satisfaction,1.0,0.0
303,watching,2.0,0.0
304,world,2.0,0.0
305,look,1.0,0.0
306,forward,1.0,0.0
307,supporting,1.0,0.0
308,them,1.0,0.0
309,life’s,1.0,0.0
310,many,6.0,0.0
311,excited,2.0,0.0
312,offer,14.0,0.0
313,option,2.0,0.0
314,interested,2.0,0.0
315,avoid,2.0,0.0
316,emergency,1.0,0.0
317,bills,1.0,0.0
318,coming,1.0,0.0
319,see,1.0,0.0
320,one,4.0,0.0
321,issue,2.0,0.0
322,inappropriate,1.0,0.0
323,outpatient,2.0,0.0
324,sure,1.0,0.0
325,some,2.0,0.0
326,might,1.0,0.0
327,upper,1.0,0.0
328,respiratory,1.0,0.0
329,sinus,1.0,0.0
330,sore,1.0,0.0
331,throat,1.0,0.0
332,breath,1.0,0.0
333,rashes,1.0,0.0
334,urinary,4.0,0.0
335,tract,2.0,0.0
336,infections,2.0,0.0
337,musculoskeletal,1.0,0.0
338,sprains,1.0,0.0
339,fractures,1.0,0.0
340,std,3.0,0.0
341,fever,1.0,0.0
342,abdominal,1.0,0.0
343,pain,1.0,0.0
344,eye,1.0,0.0
345,wound,1.0,0.0
346,lacerations,1.0,0.0
347,requiring,1.0,0.0
348,stitches,1.0,0.0
349,vaginitis,2.0,0.0
350,symptoms,3.0,0.0
351,other,4.0,0.0
352,available,4.0,0.0
353,lab,1.0,0.0
354,rapid,1.0,0.0
355,influenza,1.0,0.0
356,testing,7.0,0.0
357,referral,2.0,0.0
358,imaging,2.0,0.0
359,indicated,1.0,0.0
360,adults,1.0,0.0
361,university,16.0,0.0
362,southern,5.0,0.0
363,brigham,3.0,0.0
364,general,5.0,0.0
365,combined,3.0,0.0
366,clinical,1.0,0.0
367,harvard,2.0,0.0
368,school,4.0,0.0
369,american,3.0,0.0
370,board,6.0,0.0
371,specializes,3.0,0.0
372,born,2.0,0.0
373,raised,1.0,0.0
374,los,1.0,0.0
375,attended,6.0,0.0
376,where,2.0,0.0
377,she,21.0,0.0
378,earned,1.0,0.0
379,her,20.0,0.0
380,undergraduate,1.0,0.0
381,degree,3.0,0.0
382,biomedical,1.0,0.0
383,stayed,1.0,0.0
384,earn,1.0,0.0
385,also,8.0,0.0
386,busiest,1.0,0.0
387,obstetric,4.0,0.0
388,units,1.0,0.0
389,intensity,1.0,0.0
390,unit,1.0,0.0
391,affirmed,1.0,0.0
392,desire,1.0,0.0
393,devote,1.0,0.0
394,career,5.0,0.0
395,after,8.0,0.0
396,graduating,2.0,0.0
397,moved,5.0,0.0
398,boston,1.0,0.0
399,internship,1.0,0.0
400,residency,8.0,0.0
401,teaching,2.0,0.0
402,avid,2.0,0.0
403,went,2.0,0.0
404,spend,1.0,0.0
405,years,3.0,0.0
406,traveling,1.0,0.0
407,south,1.0,0.0
408,southeast,1.0,0.0
409,fantastic,2.0,0.0
410,opportunity,4.0,0.0
411,observe,1.0,0.0
412,countries,1.0,0.0
413,shaped,1.0,0.0
414,anthony’s,2.0,0.0
415,personal,1.0,0.0
416,being,1.0,0.0
417,realized,2.0,0.0
418,practicing,1.0,0.0
419,rural,1.0,0.0
420,then,5.0,0.0
421,attending,2.0,0.0
422,physician,1.0,0.0
423,role,2.0,0.0
424,beth,1.0,0.0
425,israel,1.0,0.0
426,york,1.0,0.0
427,taught,1.0,0.0
428,residents,1.0,0.0
429,students,1.0,0.0
430,while,4.0,0.0
431,conducting,1.0,0.0
432,busy,1.0,0.0
433,private,3.0,0.0
434,wedding,1.0,0.0
435,meeting,1.0,0.0
436,future,2.0,0.0
437,doing,1.0,0.0
438,bit,1.0,0.0
439,climbing,1.0,0.0
440,mountain,1.0,0.0
441,gal,1.0,0.0
442,came,1.0,0.0
443,been,3.0,0.0
444,part,4.0,0.0
445,ever,2.0,0.0
446,welcomed,1.0,0.0
447,daughter,1.0,0.0
448,soleil,2.0,0.0
449,lives,2.0,0.0
450,consider,1.0,0.0
451,themselves,1.0,0.0
452,privileged,1.0,0.0
453,spectacular,1.0,0.0
454,tetons,1.0,0.0
455,when,4.0,0.0
456,seeing,1.0,0.0
457,operating,1.0,0.0
458,delivery,5.0,0.0
459,continues,2.0,0.0
460,enjoy,2.0,0.0
461,little,1.0,0.0
462,learn,1.0,0.0
463,love,1.0,0.0
464,includes,2.0,0.0
465,full,4.0,0.0
466,gynecologic,6.0,0.0
467,special,2.0,0.0
468,interest,1.0,0.0
469,vulvovaginal,2.0,0.0
470,complicated,1.0,0.0
471,abnormal,4.0,0.0
472,uterine,4.0,0.0
473,provides,4.0,0.0
474,creighton,3.0,0.0
475,fort,4.0,0.0
476,collins,3.0,0.0
477,certified,5.0,0.0
478,vignaroli,4.0,0.0
479,true,1.0,0.0
480,spent,1.0,0.0
481,childhood,1.0,0.0
482,running,1.0,0.0
483,streets,1.0,0.0
484,skiing,1.0,0.0
485,snow,1.0,0.0
486,king,1.0,0.0
487,county,1.0,0.0
488,public,1.0,0.0
489,schools,1.0,0.0
490,education,1.0,0.0
491,alumnus,1.0,0.0
492,hole,1.0,0.0
493,high,5.0,0.0
494,following,2.0,0.0
495,graduation,1.0,0.0
496,graduated,1.0,0.0
497,bachelor’s,1.0,0.0
498,molecular,1.0,0.0
499,nebraska,1.0,0.0
500,began,1.0,0.0
501,program,1.0,0.0
502,poudre,1.0,0.0
503,valley,1.0,0.0
504,completion,1.0,0.0
505,returned,3.0,0.0
506,hometown,1.0,0.0
507,married,1.0,0.0
508,two,1.0,0.0
509,children,6.0,0.0
510,husband,1.0,0.0
511,local,1.0,0.0
512,fishing,1.0,0.0
513,spends,1.0,0.0
514,most,2.0,0.0
515,time,6.0,0.0
516,taxiing,1.0,0.0
517,kids,1.0,0.0
518,various,2.0,0.0
519,activities,1.0,0.0
520,enjoying,1.0,0.0
521,they,1.0,0.0
522,vignaroli’s,2.0,0.0
523,passion,2.0,0.0
524,doctor,5.0,0.0
525,take,2.0,0.0
526,privilege,2.0,0.0
527,maternity,1.0,0.0
528,delivers,1.0,0.0
529,watches,1.0,0.0
530,those,1.0,0.0
531,babies,3.0,0.0
532,grow,1.0,0.0
533,guidance,3.0,0.0
534,extends,1.0,0.0
535,far,1.0,0.0
536,beyond,1.0,0.0
537,woman’s,1.0,0.0
538,pregnancy,17.0,0.0
539,involves,1.0,0.0
540,every,3.0,0.0
541,member,1.0,0.0
542,interests,3.0,0.0
543,include,11.0,0.0
544,management,12.0,0.0
545,birth,2.0,0.0
546,noyes,7.0,0.0
547,committed,3.0,0.0
548,especially,3.0,0.0
549,aspect,2.0,0.0
550,ability,2.0,0.0
551,prenatal,10.0,0.0
552,deliver,3.0,0.0
553,kid,2.0,0.0
554,during,5.0,0.0
555,circumcision,1.0,0.0
556,immunizations,1.0,0.0
557,adolescent,1.0,0.0
558,sports,1.0,0.0
559,physicals,1.0,0.0
560,coordinating,1.0,0.0
561,wordpress,1.0,0.0
562,website,1.0,0.0
563,development,1.0,0.0
564,coburn,1.0,0.0
565,enterprises,1.0,0.0
566,username,1.0,0.0
567,password,1.0,0.0
568,remember,1.0,0.0
569,lost,1.0,0.0
570,function,1.0,0.0
571,typeof,1.0,0.0
572,wponload,1.0,0.0
573,'function',1.0,0.0
574,'text,1.0,0.0
575,'ltr',1.0,0.0
576,strength,1.0,0.0
577,“women’s,2.0,0.0
578,anatomy,1.0,0.0
579,physiology,1.0,0.0
580,female,2.0,0.0
581,pelvis,1.0,0.0
582,gynecologist,2.0,0.0
583,provider,2.0,0.0
584,uniquely,1.0,0.0
585,individualized,1.0,0.0
586,women,3.0,0.0
587,stages,1.0,0.0
588,hpv,3.0,0.0
589,cervical,3.0,0.0
590,cancer,4.0,0.0
591,preventing,1.0,0.0
592,pap,1.0,0.0
593,smear,1.0,0.0
594,colposcopy,1.0,0.0
595,biopsy,1.0,0.0
596,leep,1.0,0.0
597,electrosurgical,1.0,0.0
598,papilloma,1.0,0.0
599,infection,1.0,0.0
600,cervix,1.0,0.0
601,critical,1.0,0.0
602,component,1.0,0.0
603,contraception,2.0,0.0
604,planning,3.0,0.0
605,mirena,1.0,0.0
606,iud,1.0,0.0
607,nexplanon,1.0,0.0
608,insertion,1.0,0.0
609,unplanned,1.0,0.0
610,more,24.0,0.0
611,information,7.0,0.0
612,regarding,5.0,0.0
613,options,5.0,0.0
614,termination,1.0,0.0
615,can,9.0,0.0
616,found,1.0,0.0
617,minimally,5.0,0.0
618,invasive,5.0,0.0
619,surgery,2.0,0.0
620,hysteroscopy,1.0,0.0
621,vaginal,5.0,0.0
622,total,1.0,0.0
623,laparoscopic,3.0,0.0
624,assisted,1.0,0.0
625,these,3.0,0.0
626,techniques,2.0,0.0
627,utilized,1.0,0.0
628,alternative,2.0,0.0
629,methods,2.0,0.0
630,problems,4.0,0.0
631,via,3.0,0.0
632,surgical,5.0,0.0
633,ovarian,4.0,0.0
634,pelvic,4.0,0.0
635,fibroid,1.0,0.0
636,heavy,1.0,0.0
637,menstrual,1.0,0.0
638,incontinence,2.0,0.0
639,bladder,1.0,0.0
640,sling,1.0,0.0
641,relaxation,1.0,0.0
642,prolapse,1.0,0.0
643,pessary,1.0,0.0
644,fitting,1.0,0.0
645,repair,1.0,0.0
646,ultrasound,5.0,0.0
647,transvaginal,1.0,0.0
648,sonohysterogram,1.0,0.0
649,evaluate,1.0,0.0
650,tools,3.0,0.0
651,evaluation,4.0,0.0
652,possible,1.0,0.0
653,abnormalities,1.0,0.0
654,perform,4.0,0.0
655,spot,1.0,0.0
656,consultation,2.0,0.0
657,visit,2.0,0.0
658,fibroids,1.0,0.0
659,latest,4.0,0.0
660,common,2.0,0.0
661,distressing,1.0,0.0
662,medication,1.0,0.0
663,hysteroscopic,3.0,0.0
664,bleeding,1.0,0.0
665,endometrial,2.0,0.0
666,procedures,2.0,0.0
667,such,2.0,0.0
668,novasure,1.0,0.0
669,ablation,1.0,0.0
670,myosure,1.0,0.0
671,resection,1.0,0.0
672,breast,4.0,0.0
673,disease,2.0,0.0
674,benign,1.0,0.0
675,malignant,1.0,0.0
676,fine,1.0,0.0
677,needle,1.0,0.0
678,aspiration,1.0,0.0
679,followup,1.0,0.0
680,miscarriage,2.0,0.0
681,early,3.0,0.0
682,recurrent,2.0,0.0
683,expert,2.0,0.0
684,hormonal,1.0,0.0
685,genetic,4.0,0.0
686,infertility,3.0,0.0
687,excluding,1.0,0.0
688,hormone,2.0,0.0
689,verification,1.0,0.0
690,ovulation,2.0,0.0
691,induction,2.0,0.0
692,intrauterine,1.0,0.0
693,ivf,4.0,0.0
694,advantage,1.0,0.0
695,low,2.0,0.0
696,cost,1.0,0.0
697,visiting,1.0,0.0
698,work,5.0,0.0
699,performing,1.0,0.0
700,necessary,1.0,0.0
701,bloodwork,1.0,0.0
702,cycles,1.0,0.0
703,minimize,1.0,0.0
704,travel,1.0,0.0
705,vulvar,1.0,0.0
706,painful,2.0,0.0
707,lesions,1.0,0.0
708,vin,1.0,0.0
709,intraepithelial,1.0,0.0
710,genital,1.0,0.0
711,approach,1.0,0.0
712,integrates,1.0,0.0
713,facet,1.0,0.0
714,facing,1.0,0.0
715,hot,1.0,0.0
716,managing,1.0,0.0
717,traditional,1.0,0.0
718,sterilization,2.0,0.0
719,tubal,4.0,0.0
720,essure,1.0,0.0
721,postpartum,4.0,0.0
722,ligation,2.0,0.0
723,open,1.0,0.0
724,incision,1.0,0.0
725,cesarean,4.0,0.0
726,endocrine,1.0,0.0
727,polycystic,1.0,0.0
728,irregular,1.0,0.0
729,thyroid,1.0,0.0
730,oncology,2.0,0.0
731,who,4.0,0.0
732,diagnosed,2.0,0.0
733,treated,1.0,0.0
734,cancers,1.0,0.0
735,helps,1.0,0.0
736,unnecessary,1.0,0.0
737,stanford,3.0,0.0
738,dartmouth,3.0,0.0
739,santa,3.0,0.0
740,rosa,2.0,0.0
741,katie,3.0,0.0
742,growing,2.0,0.0
743,glen,1.0,0.0
744,majoring,1.0,0.0
745,human,1.0,0.0
746,focused,1.0,0.0
747,international,1.0,0.0
748,upon,1.0,0.0
749,pursue,2.0,0.0
750,outdoor,2.0,0.0
751,working,2.0,0.0
752,ski,1.0,0.0
753,instructor,1.0,0.0
754,jhmr,1.0,0.0
755,trip,1.0,0.0
756,leader,1.0,0.0
757,volunteering,1.0,0.0
758,village,1.0,0.0
759,clinic,1.0,0.0
760,bay,1.0,0.0
761,enjoyed,1.0,0.0
762,small,1.0,0.0
763,outdoors,1.0,0.0
764,earning,1.0,0.0
765,selected,1.0,0.0
766,dedication,1.0,0.0
767,diverse,1.0,0.0
768,underserved,1.0,0.0
769,thrilled,2.0,0.0
770,return,1.0,0.0
771,noyes’,1.0,0.0
772,preventive,1.0,0.0
773,integrative,1.0,0.0
774,free,1.0,0.0
775,strives,1.0,0.0
776,create,2.0,0.0
777,incorporating,1.0,0.0
778,food,2.0,0.0
779,daily,1.0,0.0
780,movement,1.0,0.0
781,best,1.0,0.0
782,speaks,1.0,0.0
783,welcome,3.0,0.0
784,keep,1.0,0.0
785,track,1.0,0.0
786,arise,1.0,0.0
787,vitamin,2.0,0.0
788,update,2.0,0.0
789,atrophic,1.0,0.0
790,libido,1.0,0.0
791,contains,2.0,0.0
792,valuable,1.0,0.0
793,multiple,2.0,0.0
794,nurses,2.0,0.0
795,refer,1.0,0.0
796,specific,1.0,0.0
797,items,2.0,0.0
798,list,1.0,0.0
799,answers,1.0,0.0
800,questions,2.0,0.0
801,about,1.0,0.0
802,directly,1.0,0.0
803,phone,1.0,0.0
804,alcohol,1.0,0.0
805,diabetes,2.0,0.0
806,exercise,1.0,0.0
807,herbs,1.0,0.0
808,iron,1.0,0.0
809,deficiency,1.0,0.0
810,anemia,1.0,0.0
811,later,2.0,0.0
812,childbearing,2.0,0.0
813,myths,2.0,0.0
814,nausea,1.0,0.0
815,vomiting,1.0,0.0
816,nutrition,1.0,0.0
817,safety,1.0,0.0
818,over,2.0,0.0
819,counter,1.0,0.0
820,medications,2.0,0.0
821,flu,1.0,0.0
822,down,1.0,0.0
823,syndrome,1.0,0.0
824,umbilical,1.0,0.0
825,cord,1.0,0.0
826,blood,2.0,0.0
827,banking,1.0,0.0
828,assist,1.0,0.0
829,achieving,1.0,0.0
830,couples,2.0,0.0
831,would,1.0,0.0
832,like,2.0,0.0
833,proactive,1.0,0.0
834,process,1.0,0.0
835,direct,1.0,0.0
836,specifically,1.0,0.0
837,listed,1.0,0.0
838,menstral,1.0,0.0
839,calendars,1.0,0.0
840,instructions,1.0,0.0
841,encourage,2.0,0.0
842,optimize,2.0,0.0
843,boys,2.0,0.0
844,ages,2.0,0.0
845,very,2.0,0.0
846,guidelines,1.0,0.0
847,regularly,1.0,0.0
848,updating,1.0,0.0
849,topics,1.0,0.0
850,relevant,1.0,0.0
851,acting,1.0,0.0
852,reversible,1.0,0.0
853,vaccine,1.0,0.0
854,teens,1.0,0.0
855,prevention,1.0,0.0
856,routine,1.0,0.0
857,attention,1.0,0.0
858,stress,1.0,0.0
859,help,2.0,0.0
860,ward,1.0,0.0
861,off,1.0,0.0
862,illnesses,1.0,0.0
863,affect,1.0,0.0
864,recommendations,1.0,0.0
865,parts,1.0,0.0
866,preventative,1.0,0.0
867,illness,1.0,0.0
868,concerns,1.0,0.0
869,prostate,1.0,0.0
870,testicular,1.0,0.0
871,erectile,1.0,0.0
872,dysfunction,1.0,0.0
873,john's,1.0,0.0
874,chicago,3.0,0.0
875,illinois,3.0,0.0
876,masonic,3.0,0.0
877,download,2.0,0.0
878,saving,1.0,0.0
879,wants,1.0,0.0
880,print,1.0,0.0
881,adhd,1.0,0.0
882,adult,1.0,0.0
883,face,4.0,0.0
884,sheet,4.0,0.0
885,anxiety,1.0,0.0
886,questionaire,1.0,0.0
887,english,1.0,0.0
888,spanish,1.0,0.0
889,agreement,1.0,0.0
890,habits,1.0,0.0
891,history,1.0,0.0
892,record,2.0,0.0
893,release,2.0,0.0
894,bcbs,1.0,0.0
895,united,1.0,0.0
896,choice,1.0,0.0
897,midwest,1.0,0.0
898,medicaid,1.0,0.0
899,cigna,1.0,0.0
900,whom,1.0,0.0
901,bill,1.0,0.0
902,uninsured,2.0,0.0
903,responsibility,2.0,0.0
904,pay,1.0,0.0
905,affordable,1.0,0.0
906,payment,2.0,0.0
907,even,1.0,0.0
908,though,1.0,0.0
909,deductibles,1.0,0.0
910,patient’s,1.0,0.0
911,aware,1.0,0.0
912,benefits,2.0,0.0
913,there,2.0,0.0
914,fee,1.0,0.0
915,checks,2.0,0.0
916,due,1.0,0.0
917,insufficient,1.0,0.0
918,jammie,1.0,0.0
919,saxton,1.0,0.0
920,login,1.0,0.0
921,george,6.0,0.0
922,west,2.0,0.0
923,desert,1.0,0.0
924,utah,1.0,0.0
925,gave,1.0,0.0
926,appreciation,1.0,0.0
927,spaces,1.0,0.0
928,wild,1.0,0.0
929,his,6.0,0.0
930,father’s,1.0,0.0
931,military,1.0,0.0
932,settled,1.0,0.0
933,outskirts,1.0,0.0
934,embarked,1.0,0.0
935,amid,1.0,0.0
936,chaos,1.0,0.0
937,excitement,1.0,0.0
938,inner,1.0,0.0
939,city,2.0,0.0
940,hospitals,1.0,0.0
941,cook,1.0,0.0
942,drawn,1.0,0.0
943,uplifting,1.0,0.0
944,specialty,3.0,0.0
945,helped,1.0,0.0
946,made,1.0,0.0
947,right,1.0,0.0
948,training,1.0,0.0
949,accepted,1.0,0.0
950,faculty,1.0,0.0
951,position,1.0,0.0
952,started,2.0,0.0
953,led,1.0,0.0
954,george’s,2.0,0.0
955,associate,1.0,0.0
956,director,1.0,0.0
957,move,2.0,0.0
958,beckoned,1.0,0.0
959,salt,2.0,0.0
960,lake,1.0,0.0
961,affiliated,1.0,0.0
962,met,1.0,0.0
963,subsequently,1.0,0.0
964,could,1.0,0.0
965,resist,1.0,0.0
966,had,1.0,0.0
967,people,2.0,0.0
968,fifteen,1.0,0.0
969,considered,1.0,0.0
970,himself,1.0,0.0
971,but,1.0,0.0
972,humbled,1.0,0.0
973,level,1.0,0.0
974,commitment,1.0,0.0
975,still,2.0,0.0
976,enjoys,1.0,0.0
977,kayaking,1.0,0.0
978,own,2.0,0.0
979,“i’m,1.0,0.0
980,luckiest,1.0,0.0
981,man,1.0,0.0
982,know,2.0,0.0
983,wake,1.0,0.0
984,i’m,1.0,0.0
985,floor,1.0,0.0
986,gynecological,1.0,0.0
987,now,2.0,0.0
988,virtual,1.0,0.0
989,visits,1.0,0.0
990,facilitate,2.0,0.0
991,personally,1.0,0.0
992,january,1.0,0.0
993,podcast,1.0,0.0
994,series,1.0,0.0
995,quotes,2.0,0.0
996,elective,2.0,0.0
997,glamour,1.0,0.0
998,magazine,2.0,0.0
999,programs,2.0,0.0
1000,moms,2.0,0.0
1001,hosted,2.0,0.0
1002,yoga,2.0,0.0
1003,yogi,1.0,0.0
1004,mikaela,1.0,0.0
1005,bartlett,1.0,0.0
1006,panel,2.0,0.0
1007,discussion,2.0,0.0
1008,“pregnancy,1.0,0.0
1009,birth”,1.0,0.0
1010,nurse,1.0,0.0
1011,midwife,1.0,0.0
1012,adair,1.0,0.0
1013,flynt,1.0,0.0
1014,national,1.0,0.0
1015,whfc’s,1.0,0.0
1016,marie,1.0,0.0
1017,article,1.0,0.0
1018,titled,1.0,0.0
1019,pregnant,3.0,0.0
1020,sometimes,1.0,0.0
1021,complex,1.0,0.0
1022,faced,1.0,0.0
1023,begins,1.0,0.0
1024,preconception,2.0,0.0
1025,you’re,1.0,0.0
1026,thinking,1.0,0.0
1027,getting,1.0,0.0
1028,need,1.0,0.0
1029,come,2.0,0.0
1030,assess,2.0,0.0
1031,control,1.0,0.0
1032,disorders,1.0,0.0
1033,test,1.0,0.0
1034,infectious,1.0,0.0
1035,diseases,1.0,0.0
1036,conception,1.0,0.0
1037,prevent,1.0,0.0
1038,taking,1.0,0.0
1039,steps,1.0,0.0
1040,technology,1.0,0.0
1041,site,1.0,0.0
1042,dna,1.0,0.0
1043,nuchal,1.0,0.0
1044,translucency,1.0,0.0
1045,trimester,2.0,0.0
1046,serum,1.0,0.0
1047,dating,1.0,0.0
1048,viability,1.0,0.0
1049,anatomic,1.0,0.0
1050,surveys,1.0,0.0
1051,estimated,1.0,0.0
1052,fetal,1.0,0.0
1053,weight,1.0,0.0
1054,amniotic,1.0,0.0
1055,fluid,1.0,0.0
1056,biophysical,1.0,0.0
1057,profiles,1.0,0.0
1058,antepartum,1.0,0.0
1059,surveillance,1.0,0.0
1060,risk,3.0,0.0
1061,pregnancies,1.0,0.0
1062,labor,4.0,0.0
1063,whether,1.0,0.0
1064,natural,1.0,0.0
1065,require,1.0,0.0
1066,team’s,1.0,0.0
1067,healthy,1.0,0.0
1068,mom,1.0,0.0
1069,personalized,1.0,0.0
1070,wonderful,1.0,0.0
1071,classes,1.0,0.0
1072,info,1.0,0.0
