,Total
01,2.0
02,2.0
04,1.0
0deg,4.0
0px,7003.0
0s,1.0
10,68.0
100,63.0
1000000,1.0
10001,79.0
100px,8.0
100vw,6.0
1070,1.0
1080p,2.0
10am,17.0
10pm,1.0
10px,288.0
11,21.0
1101,1.0
11293,1.0
115,18.0
11am,10.0
11px,61.0
12,8.0
120,1.0
1200p,2.0
1226,1.0
123,78.0
1234,2.0
1277,6.0
12px,100.0
13,3.0
133,1.0
13th,3.0
14,2.0
140,1.0
15,2.0
150,1.0
150ms,1.0
15px,15.0
16,2.0
160,2.0
168,1.0
16px,3.0
16th,2.0
17,2.0
17px,2.0
18,7.0
1860s,1.0
18px,28.0
19,1.0
1920p,2.0
1966,1.0
1968,3.0
1969,1.0
1998,1.0
19px,1.0
1em,147.0
1fr,70.0
1px,428.0
1rem,1.0
1s,440.0
1st,3.0
20,6.0
2008,1.0
2009,1.0
200ms,25.0
200px,3.0
2012,1.0
2013,3.0
2015,20.0
2016,1.0
2018,61.0
2019,2.0
2021,8.0
2022,4.0
2023,62.0
203,1.0
2099,1.0
20px,711.0
21,1.0
217,1.0
21px,1.0
22,1.0
22px,68.0
23,1.0
23px,21.0
24,40.0
241,1.0
24px,2.0
25,1.0
250,1.0
250ms,1.0
250p,2.0
25p,1.0
25px,15.0
26,1.0
27,1.0
28,1.0
280p,2.0
28px,22.0
29,2.0
29px,1.0
2em,21.0
2fr,5.0
2nd,1.0
2px,366.0
30,1.0
300,2.0
3001,1.0
300ms,5.0
309,1.0
30px,66.0
31,2.0
3120,1.0
313131,1.0
3141b,1.0
31px,1.0
32,2.0
329,1.0
32px,63.0
33,1.0
333ms,8.0
336p,2.0
33px,1.0
34,2.0
35,3.0
350p,2.0
35px,19.0
36,4.0
37,1.0
37px,5.0
38,1.0
38652,16.0
38671,6.0
39,1.0
39157,1.0
39402,1.0
39440,17.0
39466,1.0
39553,1.0
3c6,63.0
3px,64.0
3rd,1.0
3s,1.0
40,2.0
400,1.0
40px,16.0
41px,1.0
45px,2.0
461,1.0
47,2.0
48,3.0
48px,4.0
4em,2.0
4pm,2.0
4px,73.0
4ubirthmothers,1.0
50,43.0
500,1.0
501c3,1.0
50px,60.0
53px,1.0
54px,1.0
55,1.0
5k,19.0
5pm,18.0
5px,252.0
5x,1.0
60,11.0
60657,1.0
60px,21.0
628p,2.0
63,1.0
64,1.0
67px,18.0
69866,1.0
6fr,3.0
6px,69.0
70,2.0
700,4.0
70px,5.0
711,1.0
71px,36.0
72,5.0
723,16.0
73103,1.0
767,7.0
768,4.0
777,65.0
7am,1.0
7pm,9.0
7pmclick,1.0
7px,84.0
7th,3.0
80,2.0
80px,1.0
855,1.0
864,1.0
88,1.0
8px,6.0
90,1.0
90cy2676,1.0
90px,2.0
911,7.0
921px,61.0
94609,1.0
988,14.0
99,1.0
99px,2.0
9am,10.0
9px,6.0
__gatracker,2.0
_max_,1.0
_menu_,1.0
_page_,1.0
_stq,1.0
_wpmejssettings,1.0
_wputilsettings,2.0
aaron,1.0
abba,1.0
abdominal,1.0
ability,2.0
able,8.0
abnormal,3.0
abnormalities,1.0
abolish,1.0
abort,2.0
abortion,354.0
abortionat,4.0
abortionhelping,1.0
abortions,11.0
about,197.0
above,2.0
abraham,2.0
absolute,5.0
abstinence,3.0
abuse,15.0
academy,2.0
accept,13.0
acceptable,2.0
acceptallbutton,3.0
acceptalllink,1.0
acceptbannerfptidata,2.0
accepted,3.0
accepting,3.0
access,22.0
accessibility,2.0
accessible,1.0
accessing,4.0
accidental,1.0
accommodate,2.0
accompanied,2.0
accomplished,1.0
accordance,4.0
according,3.0
accordingly,2.0
account,72.0
accountability,3.0
accounts,2.0
accreditation,1.0
accredited,1.0
accurate,12.0
accurately,1.0
acerca,39.0
ach,1.0
achieved,1.0
acknowledge,3.0
across,16.0
act,7.0
action,15.0
activate,2.0
active,6.0
activeelement,1.0
activities,3.0
activity,3.0
actual,2.0
actually,6.0
acuity,2.0
ad,135.0
adam,2.0
add,16.0
addbreadcrumb,1.0
added,5.0
adding,8.0
additional,13.0
additions,1.0
address,37.0
addressed,3.0
adjust,3.0
adjustments,1.0
admin,1.0
administer,1.0
administered,1.0
administration,3.0
adoption,124.0
adoptions,6.0
adoptive,8.0
adrienne,1.0
ads,9.0
adults,5.0
adultsconcerned,3.0
adultsget,3.0
adultsresources,3.0
advance,2.0
advanced,3.0
advancing,2.0
advantage,1.0
adverse,1.0
advertising,2.0
advice,6.0
advised,2.0
advisory,3.0
advocacy,5.0
advocate,1.0
advocates,4.0
affect,3.0
affected,3.0
affecting,1.0
affiliate,1.0
affiliates,1.0
affiliation,1.0
afflictions,1.0
affordable,1.0
afghani,2.0
afghanis,1.0
africa,4.0
african,23.0
after,186.0
afterload,1.0
again,18.0
against,12.0
agape,1.0
age,8.0
aged,1.0
agencies,6.0
agencieshere,1.0
agency,5.0
agent,4.0
agenteckert,2.0
aggregated,2.0
agree,26.0
agreeing,4.0
agreement,8.0
agreements,2.0
aid,27.0
aids,3.0
air,1.0
ajax_hours_object,61.0
aka,1.0
al,1.0
alabama,2.0
alabamanebraska,1.0
alameda,12.0
alaska,4.0
alaskanevada,1.0
albany,3.0
alcohol,4.0
alert,2.0
alexander,1.0
algunos,39.0
all,573.0
allegedly,4.0
alliance,2.0
allow,9.0
allowing,2.0
allows,4.0
almost,1.0
alone,7.0
along,13.0
alongside,4.0
alpha,1.0
already,29.0
also,69.0
alternative,3.0
alternatives,2.0
although,5.0
altrock,1.0
alveda,1.0
always,42.0
am,57.0
amazing,4.0
amazon,2.0
america,6.0
american,14.0
americans,2.0
among,2.0
amory,1.0
amount,12.0
amounts,2.0
ample,1.0
amy,1.0
anal,1.0
analytical,3.0
analyticalcookievalue,2.0
andre,1.0
andreas,1.0
anesthesia,1.0
angel,1.0
announcements,6.0
annual,12.0
annunciation,1.0
anonymously,1.0
another,10.0
answer,10.0
answered,1.0
answers,8.0
anticipated,2.0
antillean,3.0
anxious,6.0
any,197.0
anyone,33.0
anything,12.0
anytime,12.0
apart,2.0
apologize,3.0
app,2.0
apple,2.0
applicable,4.0
application,5.0
apply,10.0
appointment,76.0
appointmentcall,2.0
appointmentfridayby,1.0
appointments,9.0
appointmentsaturdayby,2.0
appointmentsundayclosedcall,1.0
appointmentsundayclosedwe,1.0
appointmentthursdayby,1.0
appointmenttuesdayby,1.0
appointmentwednesdayby,1.0
appreciation,1.0
approach,1.0
appropriate,5.0
approved,16.0
apr,1.0
april,2.0
ar,1.0
arab,13.0
archdiocese,1.0
archheight,2.0
archive,1.0
area,1.0
areas,9.0
arg,1.0
args,2.0
arguing,1.0
arising,5.0
arizona,2.0
arizonanew,1.0
arkansas,1.0
arkansasnew,1.0
arms,3.0
around,11.0
arr,1.0
arrive,1.0
arrow,4.0
arrows,1.0
arrwithtrailingcomma,1.0
articles,1.0
articlesnational,3.0
artist,1.0
artists,1.0
asbury,1.0
ask,10.0
asked,4.0
asking,4.0
asks,1.0
aspiration,2.0
assault,2.0
assessment,2.0
assetobserver,1.0
assignment,3.0
assist,5.0
assistance,13.0
assistancetraining,3.0
associated,2.0
association,10.0
associations,1.0
assume,2.0
assumptions,1.0
assures,1.0
astra,61.0
async,1.0
atlantic,1.0
atmosphere,1.0
atribute,1.0
attach,1.0
attached,1.0
attaching,1.0
attacks,2.0
attempt,8.0
attempts,2.0
attendance,1.0
attending,1.0
attorney,1.0
attribute,53.0
audience,1.0
audio,2.0
authentication,2.0
author,21.0
authorities,1.0
authority,3.0
authorization,1.0
authorizations,2.0
authorize,5.0
authorized,8.0
authors,1.0
auto,179.0
automated,3.0
automatically,1.0
availability,3.0
available,69.0
average,2.0
aversionslight,1.0
avoid,4.0
await,2.0
awards,1.0
awardsdata,3.0
aware,2.0
awareness,5.0
away,7.0
awesome,8.0
ayuda,3.0
az,3.0
babies,6.0
baby,78.0
back,67.0
background,2.0
backgrounds,1.0
bad,1.0
banah,1.0
bank,5.0
banner,3.0
bannerbottomheight,1.0
bannerclosebutton,3.0
bannerdeclinebutton,3.0
bannerdeclinedata,2.0
bannerfptidata,2.0
bannerheight,2.0
bannerpaddingbottom,4.0
baptist,1.0
based,3.0
basics,1.0
baskerville,8.0
basket,1.0
batesville,1.0
baton,1.0
battered,4.0
bay,2.0
beat,1.0
beaten,2.0
beating,1.0
beats,1.0
beautiful,5.0
beautifully,1.0
because,74.0
become,9.0
becoming,3.0
bed,1.0
been,78.0
before,23.0
beforescriptexecutelistener,3.0
began,5.0
begin,16.0
beginning,4.0
beginnings,2.0
begins,2.0
behalf,6.0
behavioral,1.0
behind,1.0
being,8.0
beings,1.0
belief,5.0
beliefs,1.0
believe,16.0
believed,1.0
believer,1.0
belongs,1.0
below,27.0
bend,2.0
benefit,2.0
bereavement,1.0
besides,1.0
best,37.0
bethany,3.0
better,7.0
between,8.0
beyond,1.0
bh,1.0
bi,1.0
biblical,1.0
billboard,2.0
billing,1.0
bindgdprevents,1.0
bio,3.0
birth,34.0
birthed,1.0
birthparents,1.0
birthright,778.0
birthrightinternational,2.0
births,3.0
bit,1.0
black,2.0
bleed,1.0
bleeding,2.0
bless,2.0
blessed,1.0
blessings,1.0
blew,1.0
block,4.0
blocking,2.0
blockquote,5.0
blocks,3.0
blog,22.0
bloggers,1.0
blogging,3.0
blogs,1.0
blood,4.0
blueprint,1.0
board,5.0
boardresources,3.0
bodily,1.0
body,12.0
bodycacheable,1.0
bodypaddingbottom,1.0
bold,9.0
boldly,1.0
boliviano,2.0
bolivianos,1.0
bolívar,2.0
bolívars,1.0
bone,1.0
bonus,1.0
book,2.0
booking,2.0
bookings,1.0
bookstore,1.0
border,507.0
born,2.0
both,11.0
bottom,2.0
bought,1.0
bounceindown,20.0
bounceoutup,20.0
bound4life,3.0
bowien,1.0
box,2.0
boxes,1.0
boys,1.0
br,1.0
brain,6.0
brand,9.0
brave,1.0
breach,4.0
breached,2.0
breaches,3.0
breadcrumbs,1.0
breaking,4.0
breast,2.0
breastfeeding,3.0
breastfeedingbenefits,1.0
breasts,2.0
breastsmoodinessmorning,1.0
breath,1.0
bridge,1.0
brief,1.0
bring,10.0
bringing,4.0
brings,3.0
broader,1.0
broken,1.0
brought,1.0
browse,6.0
browser,6.0
browsers,1.0
brrch,1.0
bsd,1.0
buckatunna,1.0
budgeting,1.0
buds,2.0
buen,39.0
bug,16.0
build,8.0
builder,9.0
building,11.0
builds,1.0
built,1.0
bullying,1.0
bumpy,4.0
bus,2.0
business,18.0
businesses,1.0
busy,2.0
but,47.0
button,7.0
buyer,2.0
buying,1.0
bypassing,1.0
búsqueda,39.0
ca,6.0
caching,2.0
caicos,12.0
calculation,3.0
calculator,26.0
calendar,14.0
calendarvolunteer,3.0
california,7.0
californianew,1.0
call,175.0
callback,3.0
callbacks,1.0
calle,78.0
called,16.0
caller,1.0
callers,6.0
calling,5.0
calls,5.0
came,2.0
campaign,4.0
campaigns,7.0
campus,1.0
can,365.0
canada,11.0
canadam4c,2.0
canadian,2.0
cancel,12.0
cannot,9.0
capable,2.0
capacity,1.0
capital,2.0
captcha,1.0
caption,4.0
captureevent,1.0
captureexception,1.0
capturemessage,1.0
car,4.0
card,29.0
care,69.0
career,1.0
careers,5.0
careget,1.0
careless,1.0
cares,1.0
carey,1.0
caribbean,3.0
caring,7.0
carolina,6.0
carolyn,1.0
carry,1.0
casa,1.0
case,5.0
cases,1.0
catalog,1.0
catch,71.0
categories,1.0
catholic,1.0
caught,1.0
cause,15.0
caused,3.0
causes,2.0
cautions,1.0
cautious,1.0
cavity,1.0
cdc,4.0
cdt,2.0
cedar,1.0
cedi,2.0
cedis,1.0
celebrate,1.0
celina,1.0
cells,3.0
censor,1.0
center,301.0
centers,49.0
central,1.0
centre,8.0
centres,8.0
certain,7.0
certified,1.0
cervix,3.0
cfa,6.0
chain,2.0
challenges,10.0
challenging,2.0
chance,2.0
chances,1.0
change,24.0
changed,3.0
changes,13.0
changing,4.0
channels,1.0
chapter,124.0
chapters,2.0
characteristics,1.0
characters,5.0
charge,3.0
charitable,8.0
charities,2.0
charity,6.0
chartered,1.0
chat,21.0
chatavailable,1.0
chatpal,1.0
check,26.0
checkifuspisready,1.0
checklist,2.0
cheese,1.0
chemical,2.0
cherin,2.0
cherish,1.0
child,277.0
childbirth,6.0
childheight,7.0
childhelp,1.0
children,12.0
chip,4.0
chlamydia,1.0
chloride,1.0
choice,116.0
choices,149.0
choose,18.0
chooselife,2.0
choosing,5.0
chorionic,1.0
chose,1.0
chosen,1.0
christ,1.0
christian,20.0
christians,1.0
chrome,16.0
chromosomes,1.0
chunk,2.0
church,4.0
cigarettes,1.0
circle,2.0
circumstance,1.0
circumstances,10.0
citations,1.0
cities,2.0
cities4life,2.0
city,7.0
civil,1.0
claim,7.0
claimed,5.0
claims,2.0
claris,1.0
clarity,4.0
clarksdale,1.0
class,8.0
classes,55.0
clear,2.0
cleveland,1.0
click,15.0
click_object,1.0
clicked,1.0
client,9.0
clients,12.0
clinic,211.0
clinical,2.0
clinics,6.0
clock,2.0
close,11.0
closebannerfptidata,2.0
closed,8.0
closer,1.0
closest,1.0
closure,2.0
clothes,4.0
clothing,2.0
clots,1.0
clouds,1.0
cmpframe,1.0
cms,1.0
coaching,1.0
coastal,2.0
code,15.0
coerce,1.0
col2,6.0
col3,4.0
col4,2.0
col5,1.0
cold,1.0
collect,2.0
collected,4.0
collection,7.0
collects,1.0
college,3.0
collins,1.0
color,16.0
colorado,1.0
coloradonew,1.0
columbia,1.0
columbus,1.0
columns,1.0
com_gantry5,1.0
combat,1.0
come,15.0
comes,13.0
comfort,1.0
coming,7.0
comment,1.0
comments,11.0
commerce,3.0
commercial,4.0
commit,1.0
commitment,6.0
committed,15.0
commodity,1.0
common,15.0
commonly,2.0
communication,2.0
communications,5.0
community,42.0
companies,3.0
company,1.0
compassion,1.0
compassionate,13.0
compatibility,1.0
competent,2.0
competitive,1.0
compiles,2.0
complained,2.0
complaining,8.0
complete,38.0
completely,5.0
complex,2.0
complications,9.0
compliments,1.0
comply,2.0
components,1.0
composed,1.0
composite,3.0
comprehensive,5.0
computer,5.0
computers,2.0
conceive,3.0
conception,10.0
concerned,7.0
concerning,2.0
concerns,6.0
condition,4.0
conditions,101.0
condom,2.0
conduct,4.0
confidence,3.0
confidential,107.0
confidentiality,1.0
configurescope,1.0
confirm,32.0
confirmation,9.0
confirmation_content,16.0
confirming,8.0
confused,1.0
connect,261.0
connected,3.0
connecticut,1.0
connecticutnorth,1.0
connecting,2.0
connection,11.0
connections,1.0
connects,2.0
conquerors,1.0
consecutive,2.0
consent,9.0
consented,2.0
consequential,3.0
consider,10.0
considered,1.0
considering,31.0
consistently,1.0
consists,2.0
console,1.0
const,13.0
constant,3.0
constantly,4.0
constitute,2.0
constructor,1.0
construed,2.0
consult,3.0
consultation,11.0
consumption,1.0
contact,331.0
contacted,1.0
contacting,6.0
contacts,7.0
contain,2.0
contains,17.0
content,133.0
contentnational,1.0
contentrect,1.0
contents,19.0
contentstring,6.0
contextmenu,1.0
continent,1.0
continue,13.0
continued,1.0
continues,2.0
continuing,6.0
continuously,1.0
continuum,4.0
contraception,9.0
contraceptive,1.0
contract,1.0
contractions,2.0
contracts,2.0
contributions,4.0
contributors,1.0
control,13.0
controversial,1.0
conversations,1.0
conversion,8.0
conversions,1.0
convert,3.0
convertible,12.0
cookie,3.0
cookie_test_obj,1.0
cookiebanner,12.0
cookiebanneracceptall,5.0
cookiebannercontainer,1.0
cookiebannerui,3.0
cookielanguage,3.0
cookies,35.0
cookiestatement,1.0
cookiestatementdata,2.0
coordinates,1.0
copied,1.0
coping,4.0
copy,3.0
copyright,86.0
copyrighted,2.0
cord,1.0
corinth,1.0
corporate,9.0
correct,19.0
correlation,1.0
corruption,2.0
cost,11.0
couch,1.0
could,22.0
coulter,16.0
council,1.0
counsel,2.0
counseling,23.0
counselingultrasoundearn,1.0
counselling,4.0
counselor,3.0
counselors,18.0
count,1.0
countdown,1.0
countless,1.0
countries,3.0
country,3.0
county,14.0
countyconnecting,1.0
couple,1.0
couples,3.0
courageous,1.0
course,1.0
courses,4.0
court,5.0
courts,2.0
covenant,18.0
cover,3.0
covered,4.0
covers,2.0
covington,1.0
coxwell,67.0
cpc,4.0
cpcs,3.0
craig,1.0
cramping,1.0
cravings,2.0
crazies,1.0
create,45.0
created,4.0
creating,4.0
creation,1.0
creative,62.0
creator,2.0
creators,1.0
credible,2.0
credit,22.0
credits,2.0
creek,1.0
criminal,1.0
crisis,147.0
critical,6.0
cross,1.0
crown,1.0
crucial,3.0
cruzado,4.0
cruzados,2.0
cruzeiro,8.0
cruzeiros,4.0
crystal,1.0
css,6.0
cult,1.0
curious,4.0
currency,12.0
current,197.0
current_page,16.0
currently,12.0
curriculumeducational,3.0
custom,10.0
customer,1.0
customers,7.0
customize,14.0
cuts,1.0
cv,1.0
cybertipline,2.0
córdoba,2.0
córdobas,1.0
dads,1.0
daily,4.0
dakota,4.0
damage,6.0
damages,2.0
damariz,1.0
danger,2.0
dangerous,1.0
daniel,19.0
danny,1.0
daphnie,1.0
dark,1.0
dashboard,3.0
dashed,9.0
data,15.0
datalayer,3.0
date,15.0
day,30.0
days,12.0
dc,2.0
de,43.0
deactivate,1.0
deactivating,3.0
dead,3.0
deaf,5.0
deal,8.0
dealing,3.0
dealt,1.0
death,1.0
debate,1.0
debby,1.0
debit,8.0
debut,1.0
dec,4.0
december,6.0
decemeber,1.0
decide,10.0
decided,2.0
decides,4.0
decision,19.0
decisions,4.0
declined,2.0
decrease,1.0
dedicated,1.0
deducts,3.0
deemed,2.0
deems,2.0
deep,1.0
deepen,1.0
deepens,1.0
deerfield,1.0
defaults,1.0
defects,3.0
defending,3.0
defense,1.0
deficiencies,1.0
define,1.0
definite,1.0
del,2.0
delaware,1.0
delawarenorth,1.0
delay,16.0
delayed,1.0
delete,3.0
deleting,1.0
delivery,3.0
demonstrate,1.0
demonstration,1.0
denar,2.0
denari,1.0
denounce,1.0
department,5.0
dependable,1.0
dependent,1.0
depending,1.0
depends,2.0
depression,2.0
des,1.0
descendents,1.0
describe,1.0
described,2.0
describes,1.0
descriptions,1.0
deserve,3.0
design,46.0
designate,1.0
designated,6.0
designcontacts,1.0
designed,67.0
designer,3.0
designers,2.0
desire,1.0
desktop,1.0
desperate,1.0
destruction,1.0
detach,1.0
detailed,4.0
detailing,2.0
details,29.0
detailsthe,2.0
detect,5.0
detected,3.0
detecting,1.0
detects,2.0
determine,12.0
determined,2.0
determines,3.0
devalue,1.0
devastated,2.0
devastating,2.0
develop,1.0
developed,4.0
developer,1.0
developing,1.0
development,23.0
developmentprenatal,4.0
develops,2.0
device,1.0
devices,3.0
devoted,4.0
diagnose,2.0
diagnosis,3.0
diagnostics,3.0
dial,1.0
dialing,6.0
diapers,1.0
did,9.0
died,1.0
dietitian,1.0
differ,1.0
difference,3.0
different,17.0
difficult,9.0
difficulties,2.0
difficulty,3.0
digestive,1.0
digital,9.0
digits,1.0
dignity,1.0
dilation,3.0
dinar,16.0
dinars,8.0
dirección,78.0
direct,5.0
directions,5.0
directly,2.0
director,14.0
directors,3.0
directory,14.0
disable,5.0
disabled,3.0
disablestrs,1.0
disagree,2.0
disaster,2.0
discharge,2.0
disclaimer,27.0
disclaims,1.0
disclosed,1.0
disclosure,4.0
discomfort,1.0
discontinued,1.0
discount,3.0
discounts,2.0
discover,131.0
discovered,1.0
discretion,2.0
discuss,5.0
discussion,2.0
disease,10.0
diseases,2.0
disorder,1.0
disorders,3.0
display,122.0
displaying,1.0
dispute,2.0
disputes,2.0
disseminate,2.0
distinct,1.0
distress,1.0
distribute,7.0
distributed,3.0
district,1.0
diverse,2.0
diversity,3.0
divi,40.0
divisionage,1.0
divisions,1.0
divisiontop,3.0
divisive,1.0
diy,2.0
dna,6.0
do,124.0
dobra,1.0
doc,3.0
doctor,1.0
doctors,1.0
document,54.0
does,53.0
dog,1.0
doing,3.0
dollar,10.0
dollars,5.0
dom,1.0
domain,19.0
domains,2.0
domestic,4.0
domestically,1.0
donate,223.0
donated,9.0
donating,21.0
donation,57.0
donations,25.0
done,3.0
dong,3.0
donor,3.0
door,2.0
doors,2.0
dose,4.0
doses,2.0
dotted,1.0
double,8.0
down,5.0
download,6.0
dr,1.0
draft,1.0
drag,1.0
dramatic,1.0
dramatically,1.0
draw,1.0
drawing,3.0
drive,2.0
driver,2.0
driving,1.0
drop,2.0
drug,5.0
drugs,5.0
due,12.0
duns,1.0
during,24.0
dynamics,1.0
each,35.0
eager,1.0
early,15.0
earn,6.0
earned,1.0
ears,2.0
ease,79.0
easily,4.0
east,2.0
easy,14.0
eating,2.0
ebay,2.0
ecommerce,7.0
ectopic,5.0
eden,19.0
edesen,1.0
edit,6.0
editing,1.0
editors,1.0
educate,2.0
educated,2.0
education,22.0
educationnational,3.0
educator,1.0
educators,2.0
effect,2.0
effective,2.0
effects,6.0
effortlessly,1.0
efurd,1.0
egg,1.0
egos,1.0
eighth,1.0
either,3.0
el,1.0
elation,1.0
elder,1.0
electrical,1.0
electronic,4.0
elegant,19.0
element,63.0
elementorfrontendconfig,62.0
elementormenusfrontendconfig,61.0
elementorprofrontendconfig,1.0
elementorscreenreadertext,61.0
elementorsecondaryscreenreadertext,61.0
elements,1.0
elevate,2.0
eligibility,3.0
eligible,3.0
eliminated,1.0
elizabeth,3.0
else,119.0
elsewhere,2.0
em,1.0
email,75.0
emailing,4.0
embrace,3.0
embryo,4.0
embryonic,1.0
embryos,1.0
emerge,2.0
emergency,33.0
emirates,1.0
emotional,12.0
emotionally,1.0
emotions,9.0
employees,6.0
employment,6.0
empower,9.0
empowering,3.0
empowerment,1.0
emptiness,1.0
empty,1.0
en,5.0
enable,11.0
enabled,3.0
enact,1.0
encoder,1.0
encounter,2.0
encourage,5.0
encouraged,2.0
encouragement,1.0
encryption,2.0
encuéntranos,78.0
end,15.0
endangered,1.0
endorse,2.0
endorsement,1.0
endpoint,3.0
enduring,1.0
energy,1.0
enforceability,2.0
enforceable,2.0
engaging,4.0
engine,3.0
engineering,1.0
english,2.0
enhance,4.0
enhanced,1.0
enjoy,2.0
enjoyed,1.0
enough,1.0
enquiries,2.0
enriched,1.0
ensembleat,1.0
ensure,14.0
ensures,1.0
ensuring,2.0
enter,17.0
entered,40.0
entering,3.0
enterprise,3.0
enters,1.0
entire,7.0
entrepreneurs,1.0
entry,2.0
environment,3.0
episcopal,4.0
equalheightcolumnelements,1.0
equip,3.0
err,64.0
error,4.0
errors,2.0
español,8.0
especially,1.0
essential,3.0
essentials,2.0
established,1.0
establishing,3.0
este,78.0
estimate,2.0
estimated,3.0
et,1.0
et_animation_data,1.0
et_builder_utils_params,2.0
et_frontend_scripts,2.0
et_link_options_data,1.0
et_pb_box_shadow_elements,2.0
et_pb_custom,2.0
etsy,1.0
european,1.0
eustatius,10.0
even,16.0
event,31.0
eventcolors,1.0
eventname,1.0
events,8.0
eventuri,1.0
eventurinoquery,1.0
ever,8.0
every,28.0
everyone,8.0
everything,9.0
evidence,1.0
exact,1.0
exam,1.0
examples,3.0
exceeds,16.0
excellence,1.0
except,5.0
exception,1.0
exceptions,3.0
exchange,3.0
exclude,10.0
exclusionreason,1.0
exclusions,2.0
exclusive,4.0
excruciating,1.0
exhibiting,1.0
exist,2.0
existing,5.0
exists,1.0
exit,1.0
expand,1.0
expanding,1.0
expect,192.0
expectant,2.0
expenses,4.0
experience,28.0
experienced,1.0
experiences,3.0
experiencing,15.0
expert,1.0
expiration,2.0
explain,1.0
explanation,1.0
exploit,2.0
exploitation,1.0
explore,19.0
exposure,1.0
express,7.0
expressed,3.0
expressly,4.0
extend,18.0
extended,1.0
extends,9.0
extensions,2.0
extent,2.0
external,2.0
extra,4.0
extra_css,3.0
extraction,2.0
extreme,3.0
extremely,2.0
eye,2.0
eyelids,1.0
eyes,4.0
fabric,1.0
face,6.0
facebook,91.0
faced,3.0
facilitate,2.0
facilitating,1.0
facilitation,1.0
facilities,2.0
facility,3.0
facing,42.0
fact,3.0
facts,7.0
factsi,4.0
factual,1.0
fair,1.0
faith,6.0
fallback,61.0
fallopian,2.0
false,16.0
familiar,2.0
families,10.0
family,21.0
fan,4.0
fancybox,2.0
fans,4.0
faq,5.0
faqprevention,3.0
faqs,2.0
faqservice,3.0
faqyouth,3.0
far,7.0
fashion,1.0
fast,1.0
faster,2.0
father,1.0
fatherhood,1.0
fatigued,1.0
favorite,1.0
fayetteville,1.0
fda,4.0
fear,2.0
feature,6.0
featured,1.0
featuring,1.0
february,1.0
federal,1.0
federation,2.0
fee,3.0
feed,3.0
feel,34.0
feeling,17.0
feelings,5.0
feels,3.0
fees,4.0
feet,2.0
felt,2.0
female,5.0
fertility,19.0
fertilization,1.0
fertilizes,1.0
fetal,10.0
fever,1.0
few,13.0
field,6.0
fields,23.0
fight,4.0
fighting,1.0
figure,19.0
file,122.0
files,29.0
fill,20.0
filled,8.0
filling,2.0
filter,2.0
filters,1.0
final,4.0
finally,2.0
finance,1.0
finances,2.0
financial,54.0
financially,1.0
find,185.0
finding,5.0
finds,2.0
findthe,1.0
finest,1.0
fingernails,1.0
fingerprints,1.0
fingers,2.0
firefox,1.0
firm,1.0
first,177.0
firstpageid,1.0
firstscript,1.0
fish,3.0
fit,10.0
fits,7.0
five,1.0
fix,45.0
fjs,1.0
fl,4.0
flags,1.0
flash,2.0
flexible,1.0
flipinx,20.0
flipoutx,20.0
float32array,2.0
florida,6.0
floridaohio,1.0
flowood,12.0
fluctuations,1.0
fluids,1.0
focus,2.0
focused,2.0
folic,1.0
follow,6.0
followed,1.0
following,53.0
follows,2.0
food,5.0
foot,1.0
footer,1.0
forced,2.0
forceps,1.0
forces,3.0
ford,1.0
foregoing,4.0
foreign,1.0
forest,1.0
forgiven,1.0
forgiveness,1.0
forgot,1.0
forgotten,1.0
form,56.0
form_content,16.0
format,2.0
formed,2.0
forming,1.0
forms,5.0
formurl,3.0
forth,2.0
fortunate,1.0
forty,1.0
forum,10.0
forums,1.0
forward,9.0
foster,1.0
fosters,1.0
found,12.0
foundation,7.0
founded,2.0
four,2.0
fourth,1.0
fox777,2.0
franc,4.0
francs,2.0
fraudulent,6.0
free,257.0
freedom,2.0
freeyouth,3.0
frequently,3.0
fri,1.0
friday,3.0
friend,6.0
friendly,4.0
friends,8.0
friendservicespregnancy,1.0
front,1.0
frustration,1.0
full,11.0
fully,2.0
function,374.0
functional,2.0
functionality,3.0
fund,7.0
funded,2.0
funding,2.0
fundraiser,3.0
fundraising,11.0
funds,4.0
furnish,1.0
further,5.0
future,9.0
futureschoicesabortionsingle,1.0
ga,3.0
gains,2.0
gallery,2.0
galveston,1.0
gamap,1.0
gap,1.0
gate,1.0
gatekeeper,1.0
gather,3.0
gautier,1.0
gave,1.0
gcode,2.0
gdprapplies,1.0
gdprsetup,1.0
gender,4.0
general,38.0
generality,2.0
generally,1.0
generations,1.0
generosity,3.0
generous,3.0
genes,1.0
genesis,1.0
genetic,4.0
gently,3.0
geolocation,61.0
georgia,4.0
georgiaoklahoma,1.0
german,4.0
gestational,3.0
get,354.0
getfptipage,1.0
getfptireqdata,1.0
getgalleryhomepagefilmstrip,1.0
gets,2.0
getters,1.0
getting,12.0
gf_global,16.0
gf_legacy_multi,16.0
gform_gravityforms,16.0
gform_i18n,16.0
gift,40.0
girls,7.0
give,27.0
given,2.0
gives,3.0
giving,21.0
gladly,2.0
gladney,8.0
global,1.0
globe,2.0
glossary,2.0
glow,1.0
gnu,19.0
go,21.0
goal,7.0
god,11.0
godparent,3.0
goebel,1.0
going,3.0
gold,3.0
gonorrhea,1.0
good,22.0
goods,4.0
goodyear,1.0
google,39.0
got,1.0
gothic,1.0
govern,2.0
governed,2.0
government,4.0
governmental,1.0
governor,1.0
grace,9.0
gracious,1.0
grand,1.0
grant,6.0
grants,2.0
grantswe,1.0
grasp,2.0
grateful,1.0
gratefully,2.0
gravitate,1.0
great,11.0
greater,1.0
greatest,1.0
greenville,1.0
greeting,1.0
grey,1.0
grid,2.0
grief,3.0
groove,1.0
group,2.0
groups,4.0
grow,4.0
growing,5.0
grown,5.0
growth,2.0
guarantee,3.0
guardian,2.0
guatemala,2.0
guidance,8.0
guide,11.0
guides,5.0
guidestar,2.0
guilt,2.0
guinea,3.0
guinean,6.0
gulfport,2.0
guy,3.0
guys,1.0
guyshealing,1.0
h1,245.0
h2,246.0
h3,246.0
h4,130.0
h5,122.0
h6,123.0
hacking,1.0
hacky,1.0
had,18.0
half,6.0
hampshire,2.0
hand,3.0
handed,1.0
handful,1.0
handing,1.0
handle,7.0
handled,1.0
handling,1.0
hands,2.0
hannah,1.0
happened,2.0
happening,1.0
happens,7.0
happy,4.0
harbor,2.0
hard,19.0
hardest,3.0
harm,1.0
harmful,2.0
harvey,1.0
hasfaq,1.0
hasownproperty,2.0
hate,2.0
hattiesburg,4.0
have,210.0
haven,5.0
having,14.0
hawaii,1.0
hawaiioregon,1.0
hcg,5.0
head,3.0
header,6.0
heal,4.0
healed,1.0
healing,11.0
health,48.0
healthcare,4.0
healthiest,2.0
healthy,15.0
hear,8.0
heard,3.0
hearing,8.0
heart,5.0
hearts,2.0
heavy,1.0
heidelberg,1.0
held,2.0
helena,3.0
help,278.0
helped,1.0
helpers,2.0
helpful,3.0
helphome,3.0
helping,14.0
helpline,15.0
helps,8.0
her,258.0
here,108.0
hereby,3.0
heritage,1.0
hesitate,3.0
hesitations,4.0
hi,1.0
hidden,1.0
hide,2.0
high,26.0
higher,5.0
highest,2.0
highly,4.0
hijacking,1.0
him,3.0
himself,1.0
hire,5.0
his,6.0
history,1.0
hit,1.0
hitconverted,1.0
hitler,1.0
hitobject,5.0
hmrc,3.0
holding,1.0
holds,1.0
holistic,1.0
holy,2.0
home,117.0
homeless,11.0
homelessness,8.0
homemaking,1.0
homeproductsseogooglewebsitescase,1.0
homes,24.0
honduras,1.0
honestly,1.0
honor,3.0
hope,59.0
hopefully,1.0
hopeyou,1.0
hoping,10.0
horas,78.0
hormonal,1.0
hormone,7.0
horrific,1.0
horror,1.0
hospital,1.0
hospitality,2.0
host,5.0
hosted,4.0
hosting,2.0
hostingneed,1.0
hot,4.0
hotline,38.0
hotlines,30.0
hour,29.0
hours,49.0
house,17.0
housethe,1.0
housewife,2.0
housing,9.0
houston,1.0
how,412.0
however,1.0
hr,8.0
href,1.0
html,19.0
html5,1.0
htmldiv,16.0
htmldivcss,16.0
hub,2.0
huge,3.0
hugh,1.0
human,9.0
humanistic,1.0
humble,2.0
humility,1.0
hundreds,11.0
hurricane,1.0
hurt,1.0
hurts,1.0
hwan,3.0
hwy,1.0
ia,2.0
icon,3.0
icons,1.0
id,9.0
idaho,1.0
idahopennsylvania,1.0
idcounter,1.0
idea,8.0
ideas,1.0
identifiable,6.0
identification,4.0
identify,2.0
identifying,3.0
identity,1.0
if,637.0
iframe,9.0
iframelinks,1.0
igive,2.0
ignore,1.0
il,2.0
illegal,7.0
illinois,3.0
illinoisrhode,1.0
illustration,1.0
image,1.0
images,1.0
img,3.0
imgel,53.0
immediate,13.0
immediately,2.0
impact,9.0
impaired,2.0
impairment,2.0
implantation,1.0
implanting,2.0
implied,3.0
importance,2.0
important,15.0
imposing,1.0
impression,1.0
imprint,1.0
improve,8.0
improvements,1.0
improves,1.0
improving,2.0
inaccurate,1.0
inactive,3.0
inappropriate,4.0
inbox,1.0
incest,2.0
inch,2.0
inches,1.0
include,23.0
included,2.0
includes,6.0
including,17.0
incluir,39.0
inclusion,8.0
income,5.0
incomplete,1.0
increase,6.0
increased,2.0
increasing,2.0
incredible,1.0
incurred,2.0
indeed,2.0
indemnified,2.0
indemnify,2.0
indemnity,2.0
indentation,1.0
independent,2.0
index,7.0
indian,11.0
indiana,1.0
indianasouth,1.0
indications,1.0
indicator,1.0
indicators,1.0
individual,3.0
individuals,10.0
ineligible,3.0
infant,3.0
infected,1.0
infection,2.0
infections,3.0
infertility,6.0
infinite,16.0
inflammatory,4.0
info,40.0
inform,5.0
informal,1.0
information,195.0
informationthese,2.0
informed,15.0
informs,1.0
infowindow,3.0
infringe,2.0
infringement,6.0
infringes,4.0
infringing,4.0
initial,2.0
initiative,1.0
initiatives,2.0
injection,1.0
injury,2.0
inline,63.0
innovative,1.0
input,2.0
inside,2.0
insight,2.0
inspirational,1.0
inspire,7.0
inspired,2.0
instagram,25.0
installed,1.0
instanceof,40.0
instead,1.0
instruction,1.0
instructions,1.0
insurance,10.0
int16array,2.0
int32array,2.0
int8array,2.0
integrated,1.0
integrity,1.0
intellectual,12.0
intended,4.0
intense,1.0
intensified,1.0
intent,1.0
interacting,2.0
interaction,1.0
interdenominational,2.0
interest,2.0
interested,7.0
interior,2.0
internally,2.0
international,16.0
internet,3.0
interstitial,2.0
intervention,4.0
intestines,1.0
intl,1.0
into,13.0
intracardiac,1.0
intravenous,1.0
introduction,2.0
invalid,4.0
invasive,1.0
inventory,2.0
invest,1.0
investigate,2.0
investing,1.0
investment,3.0
investor,1.0
invite,5.0
involved,78.0
involvedevent,3.0
involves,2.0
iowa,3.0
iowasouth,1.0
ip,3.0
is_banner_closed,4.0
is_confirmation,16.0
is_form,16.0
is_postback,16.0
is_redirect,32.0
isbannerclosed,1.0
isdraggable,6.0
isie9,1.0
island,2.0
islands,9.0
isms,2.0
isolated,1.0
isolation,1.0
ispaddingbottomadded,3.0
ispageready,1.0
isprototypeof,2.0
issue,4.0
issuer,4.0
issues,6.0
item,1.0
items,12.0
ix,61.0
jackson,12.0
jammin,1.0
jan,2.0
jana,1.0
january,3.0
jasper,5.0
javascript,8.0
jenny,1.0
jeremiah,1.0
jersey,11.0
jesus,5.0
jetelements,1.0
jetenginesettings,1.0
jettabssettings,1.0
jewelers,4.0
job,5.0
john,1.0
join,4.0
joining,2.0
jones,5.0
joseph,1.0
journey,39.0
journeys,1.0
joy,2.0
js,17.0
json,65.0
judgments,6.0
jul,1.0
july,5.0
jurisdiction,4.0
just,32.0
kadenceconfig,1.0
kaku,1.0
kansas,1.0
kansastennessee,1.0
kearns,1.0
keep,17.0
keeping,4.0
keeps,2.0
keith,14.0
kentucky,1.0
kentuckytexas,1.0
kept,2.0
key,15.0
keypress,1.0
keys,10.0
keystroke,2.0
keywords,1.0
kicked,1.0
kicking,1.0
kidney,1.0
kidneys,1.0
kids,8.0
killed,1.0
killing,1.0
kind,3.0
kindred,1.0
kinds,1.0
king,1.0
kitts,12.0
knew,2.0
knolls,1.0
know,102.0
knowing,3.0
knowledge,5.0
knowledgeable,1.0
known,7.0
knows,2.0
kong,5.0
korean,12.0
kroger,2.0
króna,2.0
krónur,1.0
kupon,3.0
kwacha,2.0
kwachas,1.0
kwanza,6.0
kwanzas,3.0
la,1.0
lab,1.0
label,3.0
labeled,1.0
labor,3.0
lack,2.0
ladnier,1.0
laid,1.0
landing,3.0
languageinclusion,2.0
lankan,3.0
large,3.0
larger,1.0
largest,1.0
las,1.0
last,11.0
lasting,1.0
lat,61.0
late,6.0
later,1.0
latest,1.0
latin,2.0
latlng,3.0
laurel,134.0
law,10.0
lawful,2.0
laws,4.0
lawyer,1.0
lay,4.0
layout,1.0
layouts,1.0
lazy,1.0
lead,2.0
leaderboards,6.0
leadership,3.0
leading,1.0
league,1.0
leanna,1.0
leaped,3.0
learn,172.0
learnbright,1.0
learned,1.0
learning,5.0
lease,5.0
least,24.0
leave,7.0
leaves,2.0
leaving,2.0
lectures,4.0
led,1.0
left,6.0
legal,29.0
legalization,1.0
legally,3.0
legs,1.0
lei,1.0
lek,2.0
lekë,1.0
lemon,1.0
len,1.0
length,2.0
lengthy,1.0
leone,1.0
leonean,4.0
less,5.0
let,25.0
letter,1.0
leu,2.0
lev,2.0
leva,1.0
levels,5.0
leverage,2.0
ley,3.0
li,3222.0
liabilities,2.0
liability,14.0
liable,4.0
liberty,5.0
library,12.0
license,64.0
licensed,22.0
licensors,2.0
lied,4.0
lies,1.0
life,85.0
lifechoices,1.0
lifeline,34.0
lifelong,1.0
lifetime,1.0
lighter,1.0
like,45.0
likelihood,1.0
likely,1.0
likes,2.0
limit,4.0
limitation,6.0
limitations,8.0
limited,9.0
limiting,2.0
lincoln,4.0
linda,1.0
line,55.0
linear,13.0
lined,1.0
lingering,1.0
link,40.0
linked,2.0
linkedin,2.0
linking,2.0
links,19.0
linksappointment,17.0
linux,1.0
lira,3.0
list,16.0
listed,2.0
listen,12.0
listener,2.0
listeners,2.0
listening,1.0
lists,1.0
little,11.0
live,28.0
livechat,1.0
lived,3.0
lives,5.0
living,10.0
lmp,1.0
lng,61.0
load,1.0
loadgtm,1.0
local,26.0
locate,4.0
locating,6.0
location,49.0
location_timeout,61.0
locations,8.0
locked,1.0
lodge,1.0
log,12.0
logged,5.0
logging,2.0
login,123.0
logo,69.0
logouturl,1.0
logs,2.0
long,13.0
longer,5.0
longest,1.0
look,9.0
looked,2.0
looking,46.0
lookout,1.0
looks,6.0
lord,1.0
los,1.0
lose,1.0
losing,1.0
loss,18.0
losses,2.0
lot,1.0
lots,2.0
loud,1.0
louise,2.0
louisiana,3.0
louisianautah,1.0
louisville,1.0
love,53.0
loved,4.0
lovefour,1.0
loving,9.0
lower,1.0
lowercase,7.0
lubricants,3.0
lucedale,1.0
lugar,39.0
luis,1.0
luke,1.0
lunes,78.0
luther,1.0
línea,1.0
m4c,65.0
made,23.0
magnolia,19.0
mail,5.0
mailing,2.0
main,15.0
maine,2.0
mainevermont,1.0
maintain,5.0
maintained,2.0
maintaining,3.0
maintains,2.0
maintenance,1.0
major,5.0
make,96.0
maker,1.0
makes,9.0
making,18.0
mal,1.0
male,5.0
malicious,2.0
mama,1.0
manage,6.0
managecookiesdata,1.0
managecookieslink,1.0
managelink,1.0
management,11.0
manager,2.0
manat,5.0
manats,1.0
mandatory,1.0
manner,3.0
mansion,2.0
many,43.0
map,68.0
maps,2.0
march,2.0
mariana,12.0
marital,34.0
mark,1.0
market,4.0
marketing,31.0
marketingcookievalue,1.0
marking,1.0
martin,1.0
mary,3.0
maryland,1.0
marylandvirginia,1.0
massachusetts,1.0
massachusettswashington,1.0
match,7.0
material,31.0
materials,3.0
materialsnews,3.0
materialsrunaway,3.0
maternal,3.0
maternity,24.0
matter,21.0
matthews,1.0
max,1.0
maximize,2.0
maximum,1.0
maxretries,1.0
may,157.0
maybe,4.0
mayo,2.0
mb,1.0
mcallen,1.0
mccomb,1.0
md,7.0
me,29.0
meals,2.0
mean,2.0
meaningful,1.0
means,5.0
meant,5.0
measures,1.0
medal,1.0
media,91.0
medical,71.0
medically,1.0
medication,9.0
medications,7.0
medicine,2.0
medicines,1.0
medium,2.0
meet,10.0
meeting,4.0
meier,1.0
mejsl10n,1.0
member,7.0
membership,3.0
memo,1.0
memories,1.0
memory,3.0
men,48.0
menstrual,2.0
menstruation,1.0
mental,15.0
mentally,1.0
mention,1.0
mentorship,1.0
menu,8.0
menuexpand,1.0
menuyouth,1.0
merchandising,3.0
merchant,3.0
merchantability,1.0
mercy,1.0
meridian,1.0
message,12.0
met,1.0
metas,2.0
method,21.0
methods,6.0
metical,2.0
meticals,1.0
mexico,4.0
mi_no_track_reason,1.0
mi_track_user,1.0
mi_version,1.0
michigan,3.0
michiganwashington,1.0
microsoft,1.0
mifepristone,4.0
miferistone,1.0
might,30.0
mightyminnow,1.0
mild,1.0
miles,2.0
miles100,2.0
miles150,2.0
miles200,2.0
miles25,2.0
miles250,2.0
miles50,2.0
miles500,2.0
millennium,2.0
million,2.0
millions,1.0
milliseconds,16.0
mind,4.0
minded,1.0
minds,1.0
mine,1.0
minimum,1.0
ministries,2.0
ministry,9.0
minnesota,1.0
minnesotawest,1.0
minus,1.0
minute,2.0
minutes,2.0
miracle,2.0
miracles,1.0
misleading,2.0
misoprostol,1.0
misrepresentation,2.0
missed,9.0
missing,6.0
mission,17.0
mississippi,81.0
mississippiwisconsin,1.0
missouri,2.0
missouriwyoming,1.0
misuse,1.0
mit,19.0
mize,1.0
mmm,30.0
mmmm,10.0
mn,1.0
mobile,1.0
mobileonly,1.0
modern,2.0
modify,2.0
mom,2.0
moment,31.0
moms,2.0
mon,3.0
monday,19.0
mondayby,1.0
monetary,5.0
monetize,1.0
money,5.0
monica,2.0
monitor,3.0
monroe,1.0
monsterinsights_frontend,1.0
monsters,3.0
montana,2.0
month,9.0
monthly,8.0
monthnrpm,3.0
monticello,1.0
mood,6.0
moral,1.0
morality,1.0
morals,1.0
more,171.0
morebundle,1.0
morelocal,1.0
moreppc,1.0
morning,4.0
most,53.0
mother,8.0
motherhood,1.0
mothers,2.0
mount,1.0
mousedown,1.0
move,6.0
moved,1.0
movement,3.0
moves,1.0
moving,3.0
ms,82.0
msgisstring,1.0
mt,16.0
much,19.0
multiple,8.0
multitudes,1.0
murder,1.0
muscle,1.0
muscles,2.0
music,2.0
musical,1.0
must,72.0
mutation,1.0
mutations,1.0
mutual,1.0
my,74.0
mymarker,3.0
myoptions,3.0
myself,7.0
nacional,1.0
name,34.0
names,8.0
narrow,1.0
natalie,1.0
nation,1.0
national,70.0
nationwide,1.0
native,3.0
natives,2.0
natural,5.0
naturals,3.0
nature,8.0
nauseous,1.0
nav,20.0
navigate,3.0
navigation,27.0
navigator,2.0
nc,4.0
near,36.0
nearby,1.0
nearest,6.0
nearly,4.0
nebraska,1.0
necessarily,1.0
necessary,2.0
necessitate,2.0
nectel,1.0
need,138.0
needed,15.0
needs,17.0
neglected,1.0
negligence,1.0
nervous,3.0
net,3.0
network,14.0
networks,1.0
neural,2.0
neurodivergence,2.0
neurons,1.0
nevada,3.0
never,13.0
new,504.0
newborn,2.0
newh,122.0
news,4.0
newscriptbbb1,1.0
newsletter,3.0
newsletters,1.0
newsroom,6.0
newtracker,1.0
next,20.0
nicaragua,1.0
nick,1.0
nicotine,1.0
night,3.0
nightfood,3.0
nightlight,1.0
nineline,4.0
nj,1.0
nl,61.0
no,149.0
node,4.0
none,194.0
nonjudgmental,4.0
nonprofit,2.0
nonprofits,4.0
nonrefundable,1.0
noon,2.0
noop,1.0
noopfn,1.0
noops,1.0
nor,20.0
nordic,3.0
normal,28.0
north,9.0
northeast,1.0
nose,2.0
nostrils,1.0
not,280.0
note,4.0
nothing,5.0
notice,5.0
noticeable,1.0
noticed,1.0
notices,1.0
noticing,2.0
notification,2.0
notify,1.0
notifying,2.0
noting,1.0
notwithstanding,2.0
november,2.0
now,159.0
nowoffset,2.0
nrs,11.0
nrsleadershipemployment,3.0
nt,2.0
nuevo,2.0
nuevos,1.0
null,6.0
number,105.0
numbers,4.0
nurse,1.0
nurseline,1.0
nurses,2.0
nurturing,1.0
nutrition,11.0
nv,2.0
nw,1.0
ny,82.0
oasis,7.0
object,2.0
objwithtrailingcomma,1.0
obligations,4.0
obstet,1.0
obstetrics,1.0
obtained,1.0
obtaining,2.0
occasional,1.0
occasionally,1.0
occur,2.0
ocean,11.0
october,2.0
off,5.0
offer,56.0
offered,7.0
offering,31.0
offerour,1.0
offers,39.0
office,10.0
officers,4.0
offset,1.0
often,13.0
oh,2.0
ohio,2.0
oil,2.0
ok,2.0
oklahoma,3.0
ol,167.0
old,12.0
older,3.0
oldest,1.0
olive,1.0
omega,1.0
once,3.0
ondeactivate,1.0
one,80.0
ones,4.0
ongoing,2.0
online,68.0
only,214.0
onset,1.0
ontario,63.0
onto,1.0
opacity,519.0
open,35.0
opened,3.0
opening,135.0
openly,2.0
opens,1.0
operated,1.0
operates,3.0
operation,2.0
opinions,7.0
opportunities,5.0
opportunitiesdonate,3.0
opportunitiesmedia,3.0
opportunitiesservice,3.0
opportunity,3.0
opposed,1.0
opted,1.0
optimization,2.0
opting,1.0
option,12.0
optionline,3.0
options,98.0
optionsor,2.0
optionsreviewswhat,1.0
or,638.0
oral,1.0
orchard,1.0
order,69.0
orders,3.0
oregon,1.0
orfor,2.0
organ,1.0
organic,1.0
organically,1.0
organisms,1.0
organization,36.0
organizations,1.0
organize,2.0
organizer,2.0
organizers,1.0
ormatter,2.0
orthe,2.0
other,68.0
othercmp,1.0
otherother,1.0
others,25.0
otherspublish,2.0
otherwise,15.0
ouguiya,1.0
ounce,4.0
ounces,4.0
our,391.0
ourselves,1.0
out,134.0
outcome,4.0
outercourse,1.0
output,8.0
outreach,4.0
outside,5.0
over,20.0
overcame,1.0
overcome,3.0
overcoming,1.0
overprotective,1.0
overview,5.0
overwhelmed,5.0
overwhelming,10.0
ovulation,13.0
own,22.0
owner,5.0
oxford,3.0
pa,3.0
pace,2.0
pack,1.0
packet,5.0
page,79.0
pagename,1.0
pages,9.0
pagethis,1.0
paid,8.0
pain,4.0
painful,2.0
painless,1.0
pairs,1.0
palettes,1.0
palpable,1.0
pandemic,1.0
panel,1.0
para,112.0
parameterlist,1.0
parameters,2.0
parent,20.0
parentheight,7.0
parenthood,4.0
parenting,100.0
parentingadoptionmarriageabout,1.0
parentinglife,4.0
parents,7.0
park,1.0
parkgate,1.0
parsing,1.0
part,19.0
participant,13.0
participants,4.0
participate,5.0
participating,1.0
participation,3.0
particular,3.0
parties,4.0
partner,11.0
partners,10.0
partnerships,4.0
parts,1.0
party,19.0
pass,2.0
passage,1.0
passed,3.0
passing,3.0
passion,3.0
passionate,1.0
password,18.0
passwords,1.0
past,4.0
patches,3.0
paternity,6.0
path,12.0
patterns,1.0
pay,14.0
paying,1.0
payload,13.0
payment,17.0
paypal,84.0
pays,2.0
peace,2.0
pear,1.0
pearl,1.0
pee,1.0
peer,1.0
pelvic,4.0
penalty,2.0
pennsylvania,4.0
people,35.0
peopleconcerned,3.0
per,12.0
perfect,1.0
perforation,1.0
perform,35.0
performance,1.0
performed,3.0
perhaps,39.0
period,7.0
periodincreased,1.0
periods,1.0
permission,1.0
permit,4.0
persevere,2.0
persistent,3.0
person,11.0
personal,33.0
personalized,2.0
personally,8.0
persons,2.0
perspectives,1.0
pertaining,1.0
pertinent,1.0
peseta,4.0
pesetas,2.0
peso,12.0
pesos,6.0
petty,1.0
philadelphia,1.0
philin,1.0
philosophy,4.0
phione,1.0
phone,32.0
photo,2.0
photographer,2.0
photographers,1.0
photos,5.0
physical,4.0
physician,1.0
physicians,1.0
picayune,1.0
pick,5.0
pid,4.0
piece,3.0
pierre,12.0
pigment,1.0
pill,79.0
pine,2.0
pins,1.0
pippin,10.0
pixel,1.0
pixels,1.0
place,32.0
place50,2.0
placed,1.0
placenta,1.0
places,2.0
plan,28.0
planned,5.0
planning,4.0
plans,7.0
plansad,1.0
platform,6.0
play,3.0
player,2.0
plays,1.0
please,140.0
pleased,2.0
plugin,2.0
pm,5.0
pmfridayby,1.0
po,1.0
point,10.0
poison,3.0
pokes,1.0
police,2.0
policies,2.0
policy,107.0
political,2.0
politics,2.0
polyfill,1.0
polyfills,1.0
polymer,2.0
pontotoc,1.0
pool,1.0
popped,1.0
popular,1.0
popup_vars,1.0
portal,126.0
portfolio,1.0
portions,1.0
pos,2.0
position,1.0
positive,10.0
possibility,5.0
possible,9.0
post,16.0
posted,7.0
postings,2.0
posts,3.0
potassium,1.0
potential,6.0
potentially,1.0
pound,2.0
pounds,1.0
power,3.0
powered,3.0
powerful,22.0
pp,3.0
ppc,3.0
ppcour,1.0
practical,3.0
practice,2.0
practices,6.0
practicing,1.0
pray,2.0
prayer,2.0
prayers,1.0
preborn,2.0
preceding,3.0
precious,1.0
preconceived,1.0
predetermining,1.0
preface,1.0
prefer,2.0
preferences,2.0
preferred,17.0
pregnancies,4.0
pregnancy,706.0
pregnancyif,1.0
pregnant,68.0
pregnanthow,4.0
pregnantwhat,4.0
prejudice,6.0
prenatal,16.0
prepare,4.0
prepared,1.0
preparing,1.0
prescription,1.0
presence,5.0
present,1.0
presentarte,39.0
presize,61.0
press,3.0
preston,1.0
pretty,3.0
prevencion,1.0
prevención,1.0
prevent,6.0
preventing,1.0
prevention,27.0
prevents,2.0
preview,2.0
previous,3.0
price,2.0
pricing,2.0
priest,1.0
priests,2.0
primary,1.0
principal,78.0
print,3.0
prior,2.0
privacy,128.0
private,12.0
pro,8.0
probability,5.0
probably,2.0
problem,18.0
problems,1.0
procedure,8.0
procedures,9.0
proceedings,4.0
process,21.0
processing,12.0
processor,2.0
prod,1.0
prods,1.0
produce,1.0
produced,1.0
produces,1.0
product,4.0
products,24.0
professional,20.0
professionals,8.0
professions,1.0
professor,1.0
profile,1.0
profits,2.0
profoundly,1.0
progesterone,6.0
program,10.0
programa,1.0
programs,14.0
progress,10.0
prohibiting,2.0
prohibits,1.0
project,5.0
prolife,2.0
prolonged,2.0
promise,1.0
promised,1.0
promiss,2.0
promisspregnancy,1.0
promote,7.0
promotes,3.0
promoting,2.0
promotional,2.0
promotions,4.0
proof,1.0
prop,2.0
proper,1.0
properly,2.0
property,13.0
propertyisenumerable,2.0
protect,18.0
protected,1.0
protection,3.0
protective,1.0
protocol,2.0
protrude,1.0
proud,1.0
proven,3.0
provide,72.0
provided,17.0
provider,7.0
providers,7.0
providerspartner,3.0
provides,24.0
providing,20.0
provision,12.0
provisions,6.0
príncipe,4.0
public,24.0
publication,4.0
publications,1.0
publicly,1.0
publish,5.0
published,3.0
puede,39.0
pull,1.0
pulls,1.0
pulpit,1.0
pulsations,1.0
pumping,1.0
purchase,3.0
purchases,1.0
purport,2.0
purpose,9.0
purposes,4.0
pursuing,1.0
push,2.0
pushing,1.0
put,4.0
pw,122.0
qr,1.0
qualified,4.0
qualify,3.0
quality,3.0
quarter,3.0
query,1.0
question,2.0
questionnaire,1.0
questions,29.0
questionswhy,1.0
queue,1.0
quick,18.0
quickly,2.0
quite,1.0
quiz,17.0
quizget,3.0
quote,1.0
qwer,1.0
race,21.0
rachel,3.0
racing,2.0
radiation,1.0
raindrop,11.0
raindrops,20.0
raise,4.0
raised,1.0
raising,1.0
raleigh,1.0
ramah,1.0
rand,2.0
rands,1.0
range,3.0
ranging,1.0
rank,5.0
ranking,4.0
rankmonstersdigital,1.0
rape,1.0
rapha,2.0
raquel,1.0
rare,1.0
rate,8.0
rave,1.0
reach,18.0
reached,3.0
reaching,28.0
react,1.0
reaction,1.0
reacts,1.0
read,33.0
readjusted,3.0
ready,34.0
real,7.0
reality,1.0
realize,3.0
really,4.0
reason,6.0
reasonable,2.0
reasonableness,2.0
reasonably,6.0
reasons,2.0
reassign,1.0
reassurance,8.0
receipt,1.0
receive,34.0
received,4.0
receiver,1.0
receives,1.0
receiving,8.0
recent,2.0
recently,3.0
receptive,1.0
recipes,3.0
recipient,1.0
reclaim,2.0
recognize,4.0
recognizing,1.0
recommend,10.0
recommendations,1.0
recommended,3.0
reconciliation,1.0
records,2.0
recovery,13.0
recruit,1.0
rect,1.0
rectangle,4.0
recurrences,1.0
recurring,8.0
red,1.0
redesign,1.0
redirecting,1.0
redirecturi,1.0
redistribute,2.0
redistributed,2.0
reduce,2.0
refer,40.0
references,3.0
referrals,27.0
refine,1.0
reflect,4.0
reflects,1.0
reformed,3.0
refresh,2.0
refuse,1.0
regard,1.0
regarding,6.0
regardless,36.0
register,18.0
registered,116.0
registration,63.0
registrations,2.0
regret,2.0
regrets,1.0
regularly,2.0
reject,2.0
rejecting,1.0
rel,1.0
related,15.0
relates,2.0
relating,2.0
relation,12.0
relations,1.0
relationship,8.0
relationships,1.0
relay,1.0
released,2.0
relentless,1.0
reliable,1.0
relief,1.0
relies,9.0
relinquish,1.0
relinquished,1.0
rely,5.0
rem,1.0
remain,2.0
remains,2.0
remember,3.0
reminding,2.0
remove,73.0
removed,4.0
render,1.0
rent,2.0
repeat,2.0
repeated,1.0
repeatedly,1.0
replica,1.0
report,3.0
reported,2.0
reporting,1.0
represent,4.0
representations,4.0
representative,2.0
representatives,2.0
reproduction,1.0
reproductive,3.0
republic,13.0
republication,2.0
republish,2.0
reputable,1.0
reputation,3.0
request,6.0
requested,2.0
requests,8.0
require,6.0
required,8.0
requirements,1.0
rescue,3.0
researching,1.0
resentment,1.0
reservations,2.0
reserved,2.0
reserves,6.0
residency,2.0
residential,1.0
resize,3.0
resolve,2.0
resonate,1.0
resource,31.0
resources,114.0
respect,15.0
respecting,2.0
respond,3.0
response,61.0
responsibility,3.0
responsible,9.0
rest,5.0
restart,2.0
restaurant,2.0
restaurants,3.0
restored,2.0
restrain,1.0
restrict,2.0
restricted,4.0
restrictions,3.0
result,9.0
resulting,3.0
results,10.0
retain,2.0
retr,1.0
retreats,1.0
retrieved,8.0
return,85.0
returning,1.0
returnmsg,2.0
retweet,2.0
revapi2,4.0
revapi4,4.0
reveal,3.0
reveals,1.0
reversal,38.0
reverse,3.0
reversed,2.0
reversing,1.0
review,4.0
reviewed,15.0
reviewerjudgeobj,1.0
reviewerqueryallurs,1.0
reviewerqueryurs,1.0
reviewerratingobj,1.0
reviewerreviewsofsingleuser,1.0
reviews,2.0
reviewswrite,1.0
revise,2.0
revised,4.0
revoke,1.0
revolution,8.0
revslider_showdoublejqueryerror,8.0
reward,1.0
rewarding,2.0
rewards,1.0
rhode,1.0
rican,3.0
rich,2.0
richer,1.0
ridges,1.0
right,52.0
rightclick,1.0
rights,151.0
ripley,2.0
ripped,1.0
rise,3.0
risk,4.0
risks,7.0
rite,2.0
robert,14.0
rochester,1.0
rocketpreloadlinksconfig,1.0
rocky,1.0
role,1.0
roles,1.0
root,6.0
rootkit,2.0
rose,1.0
roster,10.0
route,4.0
routed,1.0
row,18.0
ruble,4.0
rubles,2.0
run,9.0
runaway,30.0
runaways,2.0
runner,2.0
runnertop,2.0
running,2.0
runs,1.0
rupee,2.0
rupees,1.0
rush,2.0
rushing,1.0
ruth,1.0
rwpconstants,1.0
ryder,1.0
sadie,1.0
safari,5.0
safe,37.0
safehaven,1.0
safeline,9.0
safelinesitemap,1.0
safety,3.0
said,2.0
sales,1.0
same,6.0
san,3.0
sans,33.0
santa,1.0
sar,3.0
sat,1.0
satisfied,1.0
saturday,1.0
save,10.0
saved,2.0
saves,1.0
saving,18.0
saw,1.0
say,8.0
sbiajaxurl,1.0
scare,9.0
scared,3.0
scarring,1.0
scary,1.0
schedule,29.0
schedulean,1.0
scheduled,1.0
scheduling,8.0
school,25.0
science,1.0
screen,166.0
screens,1.0
script,3.0
scripts,2.0
scriptword,2.0
scroll,21.0
scrollto,2.0
scrolly,2.0
sealed,1.0
seamans,2.0
search,126.0
searching,42.0
second,5.0
secondary,3.0
secret,1.0
sections,2.0
secure,3.0
secured,1.0
securely,1.0
security,5.0
sedation,1.0
see,19.0
seeing,2.0
seek,3.0
seeking,2.0
seem,3.0
seems,42.0
seen,2.0
segments,1.0
segoe,22.0
select,21.0
selecting,1.0
selectors,2.0
self,4.0
sell,19.0
sellers,1.0
selling,4.0
seminary,1.0
senatobia,1.0
send,21.0
sending,63.0
sense,4.0
senses,1.0
sensitive,1.0
sent,5.0
seo,19.0
separate,2.0
separated,1.0
seperate,1.0
sequences,2.0
ser,39.0
serialized,1.0
serious,6.0
seriously,3.0
serve,4.0
served,2.0
server,62.0
service,32.0
services,331.0
servicesexpand,2.0
servicespregnancy,11.0
serviceswe,1.0
servicesyoung,1.0
serving,1.0
session,7.0
sessions,1.0
set,38.0
sets,1.0
setting,64.0
settings,3.0
settlement,2.0
seven,2.0
severability,2.0
severe,1.0
severely,1.0
severity,1.0
sex,4.0
sexual,14.0
sexually,6.0
shall,1.0
shame,1.0
shape,2.0
share,33.0
shared,3.0
shares,1.0
sharing,19.0
she,39.0
shelter,5.0
shelters,2.0
sheqel,2.0
sheqels,1.0
shift,3.0
shilling,2.0
shillings,1.0
shipping,3.0
shop,1.0
short,6.0
shorter,1.0
should,32.0
show,10.0
showcase,4.0
shower,2.0
showing,1.0
shown,3.0
shows,2.0
sick,1.0
sickness,1.0
sicknessfatiguefood,1.0
side,1.0
sign,14.0
signage,1.0
signature,2.0
signing,2.0
signs,25.0
silent,3.0
silently,1.0
silver,5.0
similar,3.0
simple,4.0
simply,4.0
since,5.0
single,14.0
singularity,2.0
sins,1.0
sint,10.0
site,108.0
sitemap,2.0
sites,9.0
sitio,78.0
sits,1.0
sitting,1.0
situation,2.0
six,1.0
size,20.0
skilled,1.0
skills,14.0
skip,61.0
sl,122.0
slave,1.0
slavery,4.0
sleep,10.0
sleepsleep,1.0
slidedownhr,20.0
slideinfrombottom,1.0
slider,8.0
slideuphr,20.0
slow,1.0
small,2.0
smart,2.0
smile,3.0
smith,1.0
smooth,1.0
so,51.0
social,102.0
socialist,3.0
society,2.0
software,4.0
sol,2.0
sold,1.0
sole,3.0
solely,4.0
soles,1.0
solid,464.0
solidarity,1.0
solution,4.0
solutions,10.0
solving,2.0
some,59.0
someone,22.0
somersaults,1.0
something,5.0
sometimes,8.0
somewhere,4.0
somites,1.0
soon,6.0
sore,1.0
sorry,4.0
sort,2.0
sorta,1.0
sound,3.0
sounding,1.0
source,1.0
sources,2.0
south,27.0
southaven,3.0
space,3.0
spaces,1.0
spacing,1.0
span,1.0
spanish,3.0
spat,1.0
speak,9.0
speaking,1.0
special,5.0
specialize,3.0
specific,2.0
specifically,5.0
specify,1.0
speed,1.0
spend,2.0
spent,1.0
sperm,2.0
spin,61.0
spinal,2.0
spirit,2.0
spiritual,2.0
spoke,1.0
sponsors,8.0
sponsorship,4.0
sponsorships,2.0
spontaneity,1.0
spread,3.0
spreading,4.0
springs,1.0
squarespace,46.0
squarespace_rollups,3.0
squirm,1.0
src,54.0
ssaurl,2.0
ssl,2.0
ssr,12.0
ssrinfo,1.0
stability,3.0
stacey,1.0
staff,21.0
staffeveryone,1.0
stage,3.0
stages,1.0
stand,5.0
standard,1.0
standing,1.0
stanley,7.0
star,1.0
starring,2.0
start,45.0
started,28.0
starting,6.0
starts,3.0
state,10.0
statement,9.0
states,38.0
static,3.0
statistics,9.0
stats,4.0
status,35.0
stay,4.0
staying,2.0
std,9.0
stds,3.0
step,13.0
steps,1.0
sti,7.0
stick,1.0
sticky,4.0
stickycontainerheight,4.0
stickyoffset,8.0
still,31.0
stis,3.0
stock,3.0
stomach,1.0
stop,14.0
storage,1.0
store,11.0
stored,4.0
stores,2.0
stories,10.0
story,6.0
straightforward,2.0
strategically,1.0
strategy,3.0
street22nd,2.0
streets,3.0
strengthens,1.0
strengths,1.0
stress,1.0
strictly,1.0
stringer,1.0
strive,3.0
strollers,1.0
strong,3.0
strongly,1.0
structures,1.0
struggle,3.0
struggling,5.0
students,4.0
studies,2.0
studycontact,1.0
stupid,1.0
style,5.0
stylesheet,2.0
stylesheets,2.0
subject,15.0
subjects,2.0
submission,2.0
submit,13.0
submitted,2.0
subscribe,5.0
subscribing,2.0
subscription,2.0
substance,4.0
substitute,2.0
substituted,1.0
subway,2.0
succesfully,1.0
success,64.0
successful,5.0
successfully,1.0
such,44.0
suck,1.0
sucking,1.0
sucks,1.0
suction,2.0
sudanese,3.0
suffer,4.0
suffered,2.0
suffering,1.0
sufficient,4.0
suggestions,3.0
suggests,5.0
suicidal,6.0
suicide,38.0
suicidio,2.0
suicidology,1.0
suite,2.0
summerhill,2.0
sun,1.0
sunlight,1.0
supersede,2.0
supervision,2.0
supervisors,1.0
supplement,1.0
supplemented,1.0
supplements,13.0
supplies,3.0
support,419.0
supported,10.0
supporter,2.0
supporters,1.0
supporting,41.0
supportive,5.0
supports,5.0
sure,57.0
surgical,12.0
surprise,1.0
surrendering,1.0
survey,4.0
surveyyespercentage,1.0
survivors,10.0
survivorsencouraged,1.0
suspending,2.0
suspends,1.0
sustain,1.0
svg,5.0
swag,1.0
swim,1.0
swinginx,20.0
swingoutx,20.0
swings,1.0
switcher,1.0
switching,2.0
swollen,2.0
sylva,1.0
symbol,2.0
symptom,4.0
symptoms,55.0
syncurl,2.0
syndrome,1.0
syntax,1.0
syringe,1.0
system,6.0
systematic,2.0
sábado,78.0
tab,8.0
table,14.0
tactics,4.0
tag,5.0
tailor,1.0
tailored,1.0
taiwan,3.0
take,43.0
taken,15.0
takes,24.0
taking,7.0
talents,6.0
talk,16.0
talking,2.0
talks,1.0
tap,4.0
target,1.0
targeting,1.0
targets,1.0
taste,1.0
taught,1.0
tax,25.0
taxpayer,3.0
taylorsville,1.0
tbody,2.0
tcf_locator_name,1.0
td,1.0
tdd,5.0
team,20.0
teams,6.0
technical,1.0
teen,5.0
teenage,7.0
teenline,1.0
teens,39.0
teensget,3.0
teeny,1.0
telephone,9.0
teletype,1.0
tell,8.0
tells,2.0
template,14.0
templates,16.0
temporary,7.0
ten,2.0
tend,1.0
tender,4.0
tennessee,1.0
teresa,1.0
term,4.0
terminate,2.0
terminating,1.0
termination,1.0
terminations,1.0
terms,202.0
terrified,1.0
tertiary,1.0
test,58.0
tested,1.0
testing,107.0
testingpregnancy,1.0
tests,69.0
testslimited,4.0
texas,7.0
text,96.0
texto,1.0
tfoot,1.0
th,1.0
than,20.0
thank,10.0
thanks,4.0
thead,145.0
their,68.0
them,31.0
theme,57.0
themes,19.0
then,12.0
therapy,4.0
there,62.0
these,100.0
they,98.0
thing,8.0
things,8.0
think,55.0
thinking,3.0
thinks,3.0
third,18.0
thirty,1.0
this,390.0
thorns,1.0
those,40.0
though,5.0
thought,5.0
thoughtful,2.0
thoughts,7.0
thousands,4.0
threaten,2.0
threatened,2.0
threatening,1.0
three,11.0
thrilled,1.0
through,50.0
throughout,10.0
throwing,1.0
thumb,1.0
thumbnails,1.0
thumbs,1.0
thur,1.0
thurs,1.0
thursday,19.0
thursdays,17.0
ti,39.0
tim,1.0
timberline,1.0
time,36.0
timeout,1.0
times,5.0
timing,2.0
tiniest,1.0
tiny,2.0
tired,2.0
tissue,1.0
title,6.0
titles,1.0
tobacco,1.0
tobago,3.0
tock,1.0
today,38.0
todayblogpodcastabout,3.0
toddler,1.0
toddlergood,1.0
toes,3.0
toget,1.0
together,2.0
toggle,20.0
told,1.0
toll,2.0
tolocalestring,2.0
tome,10.0
tomé,6.0
tongue,1.0
too,11.0
took,4.0
tools,16.0
tooth,1.0
top,6.0
toronto,4.0
tortious,1.0
torts,2.0
tostring,2.0
total,2.0
tothe,2.0
touch,5.0
tough,2.0
tour,1.0
toward,6.0
towards,2.0
town,1.0
tpj,8.0
tr,39.0
tracie,1.0
track,6.0
trackcmp,1.0
trackcmp_email,1.0
trackcmp_h,1.0
trackcmp_s,1.0
tracker,1.0
tracking,2.0
trackingpagename,13.0
tract,1.0
trade,2.0
trademarks,61.0
traffic,2.0
trafficked,1.0
trafficking,6.0
trail,2.0
trained,6.0
training,10.0
trainings,1.0
transactions,1.0
transfer,5.0
transferred,1.0
transform,32.0
transformative,1.0
transit,6.0
transition,2.0
translate,2.0
translation,1.0
transmissions,1.0
transmit,4.0
transmitted,10.0
transparent,3.0
transportation,3.0
trauma,4.0
traumatic,2.0
travel,1.0
treat,2.0
treatable,1.0
treated,2.0
treating,1.0
treatment,7.0
trestle_vars,1.0
trial,6.0
trimester,9.0
trinity,4.0
trips,1.0
trojan,2.0
trophies,1.0
trouble,1.0
true,12.0
trumpet,1.0
trunk,1.0
trust,2.0
trusted,1.0
truth,13.0
try,94.0
tts,1.0
tty,1.0
tu,39.0
tube,5.0
tucson,1.0
tues,1.0
tuesday,19.0
tupelo,1.0
turn,9.0
turned,4.0
turning,4.0
turns,1.0
twitter,16.0
two,13.0
tx,6.0
type,42.0
typeof,16.0
types,6.0
typically,3.0
ua,1.0
uhog,1.0
ui,24.0
uiautocompletel10n,1.0
uint16array,2.0
uint32array,2.0
uint8array,2.0
uint8clampedarray,2.0
uk,1.0
ul,467.0
ultimate,1.0
ultrasound,75.0
ultrasounds,5.0
ultrasoundsoptions,4.0
umbilical,1.0
un,39.0
unable,3.0
unborn,16.0
uncategorizedgetting,1.0
uncategorizedwhat,1.0
uncomfortable,1.0
unconditional,6.0
undefined,1.0
under,39.0
undergo,1.0
understand,45.0
understanding,1.0
understands,1.0
understandyour,1.0
undertake,4.0
undesirable,1.0
undo,2.0
unenforceable,6.0
unexpected,8.0
unexplained,2.0
unfold,2.0
unharmed,1.0
unhealthy,1.0
unheard,1.0
unintended,3.0
union,1.0
unique,6.0
uniqueid,2.0
unit,11.0
united,35.0
units,5.0
universal,2.0
unlawful,10.0
unless,2.0
unlimited,1.0
unnecessary,1.0
unplanned,66.0
unplannedpregnancy,1.0
unprepared,2.0
unprotected,2.0
unrealistic,1.0
unredeemable,1.0
unrest,1.0
unsafe,1.0
unsolicited,2.0
unsuitable,1.0
unsure,4.0
until,3.0
unwanted,1.0
unworthy,1.0
up,43.0
upcoming,1.0
update,6.0
updated,1.0
updatedfptidata,2.0
updating,2.0
uploading,19.0
upon,3.0
uppercase,7.0
urine,5.0
url,5.0
us,451.0
usa,4.0
usage,1.0
uscontact,1.0
usdigital,1.0
use,165.0
used,27.0
useexplicit,2.0
usematchviewport,6.0
user,98.0
users,7.0
usersadvertisement,2.0
uses,12.0
usfollowfollowcopyright,1.0
usget,3.0
ushours,2.0
using,26.0
usmoreuse,1.0
uspinterval,1.0
uspstubfunction,2.0
usptries,2.0
usptrieslimit,1.0
ustechnical,3.0
usthis,1.0
usual,1.0
usually,2.0
utah,1.0
utc,1.0
uterus,2.0
v2,19.0
va,2.0
vacuum,2.0
vagina,1.0
vaginal,1.0
vague,1.0
valid,9.0
validation,1.0
valuable,5.0
value,12.0
values,3.0
var,1508.0
variables,1.0
variation,2.0
variety,1.0
various,1.0
vars,1.0
vary,3.0
ventura,1.0
verdean,3.0
verification,2.0
verified,1.0
verify,6.0
vermont,1.0
version,1.0
vertebral,1.0
verticalcenterelements,1.0
very,13.0
veterans,4.0
vetted,2.0
via,7.0
viability,3.0
viable,7.0
viacord,3.0
vibrant,1.0
vicksburg,1.0
victims,1.0
victoria,2.0
vida,1.0
viddefer,53.0
video,15.0
videos,6.0
view,18.0
views,1.0
vigorous,1.0
viklund,1.0
vincent,12.0
vineyard,2.0
violate,2.0
violates,6.0
violence,4.0
violent,1.0
virgin,24.0
virginia,5.0
virtual,1.0
virus,2.0
viruses,1.0
visible,80.0
visit,28.0
visiting,2.0
visitors,2.0
visits,3.0
visual,3.0
visualized,1.0
vital,1.0
vitamin,1.0
vitamins,1.0
voice,2.0
void,6.0
volume,1.0
volunteer,32.0
volunteering,129.0
volunteers,22.0
voucher,5.0
vouchers,1.0
vs,1.0
vulnerable,3.0
wait,17.0
waiting,4.0
waive,1.0
wake,1.0
wales,1.0
walk,7.0
walked,1.0
walker,2.0
walkerprizes,1.0
walkertop,1.0
wall,2.0
walton,2.0
want,49.0
wanted,3.0
wanting,26.0
wants,6.0
ward,1.0
warmth,1.0
warrant,4.0
warranties,8.0
warranty,2.0
washington,1.0
watch,5.0
watching,3.0
wave,1.0
way,13.0
wayne,3.0
waypoint,1.0
ways,6.0
wc_add_to_cart_params,1.0
wc_cart_fragments_params,1.0
we,464.0
weak,1.0
wear,1.0
web,38.0
webauth,1.0
webinars,3.0
webmail,61.0
website,187.0
websiteconfig,2.0
websites,11.0
wed,1.0
weddings,1.0
wednesday,19.0
week,63.0
weekly,4.0
weeks,12.0
weighs,1.0
weight,1.0
welcome,12.0
welcomes,2.0
welcoming,1.0
well,29.0
wellbeing,1.0
wellness,3.0
went,10.0
west,3.0
what,341.0
whatever,9.0
whatsoever,1.0
when,64.0
whenever,3.0
where,18.0
whether,22.0
which,31.0
while,49.0
who,82.0
whole,1.0
whom,1.0
whose,1.0
whp_local_data,61.0
why,137.0
wide,2.0
widgets,1.0
wiggins,1.0
wiggle,2.0
william,1.0
williams,1.0
willing,1.0
willingness,1.0
win,2.0
window,2.0
winfptidata,3.0
winona,1.0
wisconsin,1.0
wish,4.0
within,70.0
without,38.0
withscope,1.0
woman,50.0
womb,4.0
women,178.0
won,3.0
wonderful,3.0
wonderfully,1.0
wondering,2.0
woocommerce_params,1.0
word,10.0
wordpress,1.0
words,2.0
work,28.0
worked,1.0
worker,1.0
working,8.0
works,11.0
workshops,1.0
world,8.0
worldwide,1.0
worry,1.0
worse,1.0
worth,1.0
worthy,1.0
would,30.0
wounded,2.0
woven,1.0
wpcf7,62.0
wpcf7_recaptcha,62.0
wpcf7cf_global_settings,1.0
wpformselementorvars,1.0
wpv_pagination_local,1.0
wrap,1.0
wrapper,1.0
write,2.0
writing,1.0
written,8.0
wrong,29.0
wy,1.0
wyoming,2.0
xhr,1.0
year,10.0
yearly,3.0
years,16.0
yet,1.0
yield,1.0
york,4.0
you,1093.0
young,13.0
your,818.0
yours,2.0
yourself,11.0
youth,26.0
youtube,7.0
zaire,4.0
zaires,2.0
zealand,3.0
zero,1.0
zip,1.0
zloty,2.0
zlotys,1.0
